#"Frequency / GHz"	"S1,1 (tcoupling=4) [Magnitude / dB]"
#-------------------------------------------------------
0.50000000000000	-1.1490331395281
0.50300002098083	-1.1499455578053
0.50599998235703	-1.1509136636430
0.50900000333786	-1.1519393773900
0.51200002431870	-1.1530217870384
0.51499998569489	-1.1541647130464
0.51800000667572	-1.1553701132915
0.52100002765656	-1.1566356631893
0.52399998903275	-1.1579662750390
0.52700001001358	-1.1593594623180
0.52999997138977	-1.1608207443861
0.53299999237061	-1.1623443969402
0.53600001335144	-1.1639355073426
0.53899997472763	-1.1655933387242
0.54199999570847	-1.1673189866781
0.54500001668930	-1.1691128068701
0.54799997806549	-1.1709733093251
0.55099999904633	-1.1728994824319
0.55400002002716	-1.1748962100614
0.55699998140335	-1.1769582048562
0.56000000238419	-1.1790881062703
0.56300002336502	-1.1812845309457
0.56599998474121	-1.1835474124169
0.56900000572205	-1.1858758216622
0.57200002670288	-1.1882700258579
0.57499998807907	-1.1907294552552
0.57800000905991	-1.1932522335673
0.58099997043610	-1.1958370708408
0.58399999141693	-1.1984866855601
0.58700001239777	-1.2011971803887
0.58999997377396	-1.2039694849490
0.59299999475479	-1.2068013620982
0.59600001573563	-1.2096922507491
0.59899997711182	-1.2126418362273
0.60199999809265	-1.2156472268134
0.60500001907349	-1.2187103331421
0.60799998044968	-1.2218279903379
0.61100000143051	-1.2250020271427
0.61400002241135	-1.2282281934555
0.61699998378754	-1.2315089311554
0.62000000476837	-1.2348400435371
0.62300002574921	-1.2382219003943
0.62599998712540	-1.2416538108363
0.62900000810623	-1.2451361536447
0.63200002908707	-1.2486665326417
0.63499999046326	-1.2522450794618
0.63800001144409	-1.2558724912565
0.64099997282028	-1.2595437961999
0.64399999380112	-1.2632632651338
0.64700001478195	-1.2670284389314
0.64999997615814	-1.2708392284611
0.65299999713898	-1.2746942102731
0.65600001811981	-1.2785942746346
0.65899997949600	-1.2825393236671
0.66200000047684	-1.2865289573670
0.66500002145767	-1.2905636065245
0.66799998283386	-1.2946417258149
0.67100000381470	-1.2987652342328
0.67400002479553	-1.3029336994799
0.67699998617172	-1.3071500396636
0.68000000715256	-1.3114105664948
0.68300002813339	-1.3157173662877
0.68599998950958	-1.3200728599072
0.68900001049042	-1.3244758403014
0.69199997186661	-1.3289275409825
0.69499999284744	-1.3334291323332
0.69800001382828	-1.3379825278230
0.70099997520447	-1.3425889407330
0.70399999618530	-1.3472471725666
0.70700001716614	-1.3519609605921
0.70999997854233	-1.3567312476995
0.71299999952316	-1.3615600286235
0.71600002050400	-1.3664466876826
0.71899998188019	-1.3713965529870
0.72200000286102	-1.3764085869234
0.72500002384186	-1.3814859645843
0.72799998521805	-1.3866314162192
0.73100000619888	-1.3918458463186
0.73400002717972	-1.3971304039448
0.73699998855591	-1.4024897819683
0.74000000953674	-1.4079247454179
0.74299997091293	-1.4134370984631
0.74599999189377	-1.4190317509222
0.74900001287460	-1.4247083083351
0.75199997425079	-1.4304719237815
0.75499999523163	-1.4363219590691
0.75800001621246	-1.4422651307527
0.76099997758865	-1.4483002616014
0.76399999856949	-1.4544323528246
0.76700001955032	-1.4606628251316
0.76999998092651	-1.4669951199393
0.77300000190735	-1.4734324864598
0.77600002288818	-1.4799767858977
0.77899998426437	-1.4866298755534
0.78200000524521	-1.4933966509577
0.78500002622604	-1.5002787026401
0.78799998760223	-1.5072790838588
0.79100000858307	-1.5144010150620
0.79400002956390	-1.5216444968719
0.79699999094009	-1.5290155047247
0.80000001192093	-1.5365156312248
0.80299997329712	-1.5441465694698
0.80599999427795	-1.5519112241915
0.80900001525879	-1.5598132810953
0.81199997663498	-1.5678523302369
0.81499999761581	-1.5760332303841
0.81800001859665	-1.5843591237382
0.82099997997284	-1.5928286274103
0.82400000095367	-1.6014463192594
0.82700002193451	-1.6102137060437
0.82999998331070	-1.6191336175001
0.83300000429153	-1.6282067551388
0.83600002527237	-1.6374348520322
0.83899998664856	-1.6468196560935
0.84200000762939	-1.6563632604226
0.84500002861023	-1.6660666517657
0.84799998998642	-1.6759317326601
0.85100001096725	-1.6859599867350
0.85399997234344	-1.6961500620919
0.85699999332428	-1.7065056861310
0.86000001430511	-1.7170261735801
0.86299997568130	-1.7277137058598
0.86599999666214	-1.7385676409854
0.86900001764297	-1.7495877042218
0.87199997901917	-1.7607753608977
0.87500000000000	-1.7721311179886
0.87800002098083	-1.7836539193021
0.88099998235703	-1.7953453719735
0.88400000333786	-1.8072035039814
0.88700002431870	-1.8192277859420
0.88999998569489	-1.8314186505300
0.89300000667572	-1.8437748492245
0.89600002765656	-1.8562962316299
0.89899998903275	-1.8689817763207
0.90200001001358	-1.8818290133395
0.90499997138977	-1.8948383619921
0.90799999237061	-1.9080083129483
0.91100001335144	-1.9213350324069
0.91399997472763	-1.9348197683330
0.91699999570847	-1.9484590276839
0.92000001668930	-1.9622525116012
0.92299997806549	-1.9761972195856
0.92599999904633	-1.9902896867837
0.92900002002716	-2.0045303695787
0.93199998140335	-2.0189143505796
0.93500000238419	-2.0334417947094
0.93800002336502	-2.0481074124147
0.94099998474121	-2.0629084691665
0.94400000572205	-2.0778434777822
0.94700002670288	-2.0929100640236
0.94999998807907	-2.1081048242236
0.95300000905991	-2.1234231306128
0.95599997043610	-2.1388632784191
0.95899999141693	-2.1544224807116
0.96200001239777	-2.1700951499020
0.96499997377396	-2.1858792435095
0.96799999475479	-2.2017713933424
0.97100001573563	-2.2177696484039
0.97399997711182	-2.2338671057862
0.97699999809265	-2.2500644914158
0.98000001907349	-2.2663540810868
0.98299998044968	-2.2827330178429
0.98600000143051	-2.2992010827559
0.98900002241135	-2.3157504061092
0.99199998378754	-2.3323800432218
0.99500000476837	-2.3490855237903
0.99800002574921	-2.3658651983255
1.0010000467300	-2.3827120396899
1.0039999485016	-2.3996239584357
1.0069999694824	-2.4165988871315
1.0099999904633	-2.4336299434200
1.0130000114441	-2.4507198342183
1.0160000324249	-2.4678596947242
1.0190000534058	-2.4850475347381
1.0219999551773	-2.5022823491153
1.0249999761581	-2.5195602287103
1.0279999971390	-2.5368768952303
1.0310000181198	-2.5542309609154
1.0340000391006	-2.5716202580720
1.0369999408722	-2.5890394999253
1.0399999618530	-2.6064887059816
1.0429999828339	-2.6239663319143
1.0460000038147	-2.6414686250458
1.0490000247955	-2.6589946905152
1.0520000457764	-2.6765410984055
1.0549999475479	-2.6941079767326
1.0579999685287	-2.7116929886052
1.0609999895096	-2.7292941628763
1.0640000104904	-2.7469123104918
1.0670000314713	-2.7645456865477
1.0700000524521	-2.7821933391109
1.0729999542236	-2.7998553858995
1.0759999752045	-2.8175309589147
1.0789999961853	-2.8352212799244
1.0820000171661	-2.8529245393345
1.0850000381470	-2.8706425995424
1.0880000591278	-2.8883753539482
1.0909999608994	-2.9061242025578
1.0939999818802	-2.9238882689599
1.0970000028610	-2.9416722082153
1.1000000238419	-2.9594770867054
1.1030000448227	-2.9773006437818
1.1059999465942	-2.9951496387552
1.1089999675751	-3.0130233374440
1.1119999885559	-3.0309238495755
1.1150000095367	-3.0488574694885
1.1180000305176	-3.0668234378497
1.1210000514984	-3.0848270015088
1.1239999532700	-3.1028701298983
1.1269999742508	-3.1209562723108
1.1299999952316	-3.1390916894768
1.1330000162125	-3.1572761001756
1.1360000371933	-3.1755174154170
1.1390000581741	-3.1938184719160
1.1419999599457	-3.2121845557720
1.1449999809265	-3.2306193898386
1.1480000019073	-3.2491307833785
1.1510000228882	-3.2677207179823
1.1540000438690	-3.2863947212999
1.1569999456406	-3.3051598022544
1.1599999666214	-3.3240209890176
1.1629999876022	-3.3429854102471
1.1660000085831	-3.3620572212734
1.1690000295639	-3.3812427939057
1.1720000505447	-3.4005496685098
1.1749999523163	-3.4199848925980
1.1779999732971	-3.4395517300731
1.1809999942780	-3.4592610007910
1.1840000152588	-3.4791161804261
1.1870000362396	-3.4991255124372
1.1900000572205	-3.5192970327523
1.1929999589920	-3.5396352545832
1.1959999799728	-3.5601505052352
1.1990000009537	-3.5808475729375
1.2020000219345	-3.6017345581177
1.2050000429153	-3.6228188538307
1.2079999446869	-3.6441074300769
1.2109999656677	-3.6656084771988
1.2139999866486	-3.6873285633414
1.2170000076294	-3.7092754097678
1.2200000286102	-3.7314568894376
1.2230000495911	-3.7538802961553
1.2259999513626	-3.7765521849629
1.2289999723434	-3.7994810912171
1.2319999933243	-3.8226728677489
1.2350000143051	-3.8461380076417
1.2380000352859	-3.8698795834004
1.2410000562668	-3.8939077909753
1.2439999580383	-3.9182294021071
1.2469999790192	-3.9428502512430
1.2500000000000	-3.9677782427011
1.2530000209808	-3.9930201349998
1.2560000419617	-4.0185820931439
1.2589999437332	-4.0444719134599
1.2619999647141	-4.0706941753790
1.2649999856949	-4.0972573310364
1.2680000066757	-4.1241666527845
1.2710000276566	-4.1514293559821
1.2740000486374	-4.1790495889263
1.2769999504089	-4.2070343920520
1.2799999713898	-4.2353886531795
1.2829999923706	-4.2641174376637
1.2860000133514	-4.2932278709887
1.2890000343323	-4.3227223559258
1.2920000553131	-4.3526064697476
1.2949999570847	-4.3828855203488
1.2979999780655	-4.4135627619786
1.3009999990463	-4.4446439961890
1.3040000200272	-4.4761307394991
1.3070000410080	-4.5080272617129
1.3099999427795	-4.5403371363339
1.3129999637604	-4.5730618265989
1.3159999847412	-4.6062069850160
1.3190000057220	-4.6397698378341
1.3220000267029	-4.6737573298933
1.3250000476837	-4.7081682485013
1.3279999494553	-4.7430034710779
1.3309999704361	-4.7782665496465
1.3339999914169	-4.8139548859990
1.3370000123978	-4.8500690426088
1.3400000333786	-4.8866103805169
1.3430000543594	-4.9235772328241
1.3459999561310	-4.9609664850931
1.3489999771118	-4.9987778516739
1.3519999980927	-5.0370083254122
1.3550000190735	-5.0756581173555
1.3580000400543	-5.1147190197673
1.3609999418259	-5.1541904376142
1.3639999628067	-5.1940695368316
1.3669999837875	-5.2343476880025
1.3700000047684	-5.2750220020781
1.3730000257492	-5.3160851795883
1.3760000467300	-5.3575297307912
1.3789999485016	-5.3993511624163
1.3819999694824	-5.4415391842982
1.3849999904633	-5.4840862846623
1.3880000114441	-5.5269820028853
1.3910000324249	-5.5702167054605
1.3940000534058	-5.6137805969947
1.3969999551773	-5.6576604077736
1.3999999761581	-5.7018460953081
1.4029999971390	-5.7463228333892
1.4060000181198	-5.7910767265164
1.4090000391006	-5.8360932915993
1.4119999408722	-5.8813575681383
1.4149999618530	-5.9268512990997
1.4179999828339	-5.9725602290682
1.4210000038147	-6.0184623723750
1.4240000247955	-6.0645430604313
1.4270000457764	-6.1107796942992
1.4299999475479	-6.1571504705636
1.4329999685287	-6.2036339824478
1.4359999895096	-6.2502071641904
1.4390000104904	-6.2968475680731
1.4420000314713	-6.3435291041806
1.4450000524521	-6.3902253813443
1.4479999542236	-6.4369112658849
1.4509999752045	-6.4835589065194
1.4539999961853	-6.5301364701835
1.4570000171661	-6.5766180089400
1.4600000381470	-6.6229703561322
1.4630000591278	-6.6691629263300
1.4659999608994	-6.7151624236634
1.4689999818802	-6.7609348791712
1.4720000028610	-6.8064476341485
1.4750000238419	-6.8516641506516
1.4780000448227	-6.8965494310510
1.4809999465942	-6.9410656554137
1.4839999675751	-6.9851749158738
1.4869999885559	-7.0288395929531
1.4900000095367	-7.0720215395605
1.4930000305176	-7.1146802847778
1.4960000514984	-7.1567754470774
1.4989999532700	-7.1982688035481
1.5019999742508	-7.2391176267260
1.5049999952316	-7.2792823088739
1.5080000162125	-7.3187212396527
1.5110000371933	-7.3573942405345
1.5140000581741	-7.3952598990249
1.5169999599457	-7.4322761939890
1.5199999809265	-7.4684045514615
1.5230000019073	-7.5036033879548
1.5260000228882	-7.5378339589331
1.5290000438690	-7.5710559590355
1.5319999456406	-7.6032333665296
1.5349999666214	-7.6343274640686
1.5379999876022	-7.6643032734797
1.5410000085831	-7.6931247317932
1.5440000295639	-7.7207584368710
1.5470000505447	-7.7471717380815
1.5499999523163	-7.7723354373144
1.5529999732971	-7.7962181416580
1.5559999942780	-7.8187952601190
1.5590000152588	-7.8400401468936
1.5620000362396	-7.8599312441929
1.5650000572205	-7.8784467029187
1.5679999589920	-7.8955686159138
1.5709999799728	-7.9112779583259
1.5740000009537	-7.9255638439293
1.5770000219345	-7.9384163559553
1.5800000429153	-7.9498219416303
1.5829999446869	-7.9597790146695
1.5859999656677	-7.9682829348209
1.5889999866486	-7.9753336148897
1.5920000076294	-7.9809319853687
1.5950000286102	-7.9850843062370
1.5980000495911	-7.9877964505975
1.6009999513626	-7.9890797924832
1.6039999723434	-7.9889470211364
1.6069999933243	-7.9874142423249
1.6100000143051	-7.9844982282447
1.6130000352859	-7.9802202532085
1.6160000562668	-7.9746040719484
1.6189999580383	-7.9676738686417
1.6219999790192	-7.9594569916018
1.6250000000000	-7.9499832905748
1.6280000209808	-7.9392850131255
1.6310000419617	-7.9273957445256
1.6339999437332	-7.9143490051980
1.6369999647141	-7.9001833360411
1.6399999856949	-7.8849365241891
1.6430000066757	-7.8686467191997
1.6460000276566	-7.8513573411995
1.6490000486374	-7.8331081458420
1.6519999504089	-7.8139442302476
1.6549999713898	-7.7939080517141
1.6579999923706	-7.7730438030253
1.6610000133514	-7.7513969319770
1.6640000343323	-7.7290145556238
1.6670000553131	-7.7059390629236
1.6699999570847	-7.6822195137065
1.6729999780655	-7.6578995140212
1.6759999990463	-7.6330273736541
1.6790000200272	-7.6076471706129
1.6820000410080	-7.5818051609273
1.6849999427795	-7.5555474884789
1.6879999637604	-7.5289176435366
1.6909999847412	-7.5019610599692
1.6940000057220	-7.4747214076682
1.6970000267029	-7.4472424811024
1.7000000476837	-7.4195672755355
1.7029999494553	-7.3917370569997
1.7059999704361	-7.3637919394611
1.7089999914169	-7.3357739605224
1.7120000123978	-7.3077225315060
1.7150000333786	-7.2796759040191
1.7180000543594	-7.2516718439126
1.7209999561310	-7.2237456913544
1.7239999771118	-7.1959355693351
1.7269999980927	-7.1682751474720
1.7300000190735	-7.1407977058967
1.7330000400543	-7.1135364772890
1.7359999418259	-7.0865239828958
1.7389999628067	-7.0597894219119
1.7419999837875	-7.0333641322049
1.7450000047684	-7.0072757975992
1.7480000257492	-6.9815530078379
1.7510000467300	-6.9562210160444
1.7539999485016	-6.9313068489701
1.7569999694824	-6.9068342802302
1.7599999904633	-6.8828290536925
1.7630000114441	-6.8593107082399
1.7660000324249	-6.8363039588718
1.7690000534058	-6.8138277524602
1.7719999551773	-6.7919034687071
1.7749999761581	-6.7705487099199
1.7779999971390	-6.7497835102241
1.7810000181198	-6.7296241912260
1.7840000391006	-6.7100859638900
1.7869999408722	-6.6911858069247
1.7899999618530	-6.6729372027958
1.7929999828339	-6.6553556283971
1.7960000038147	-6.6384541436191
1.7990000247955	-6.6222433309610
1.8020000457764	-6.6067371111820
1.8049999475479	-6.5919439721755
1.8079999685287	-6.5778745659719
1.8109999895096	-6.5645382210169
1.8140000104904	-6.5519442543906
1.8170000314713	-6.5400991751385
1.8200000524521	-6.5290126632601
1.8229999542236	-6.5186875094589
1.8259999752045	-6.5091324464347
1.8289999961853	-6.5003520591467
1.8320000171661	-6.4923503628730
1.8350000381470	-6.4851309300890
1.8380000591278	-6.4786962879144
1.8409999608994	-6.4730517006583
1.8439999818802	-6.4681958943097
1.8470000028610	-6.4641335392019
1.8500000238419	-6.4608621245394
1.8530000448227	-6.4583836897791
1.8559999465942	-6.4566976173312
1.8589999675751	-6.4558018892335
1.8619999885559	-6.4556957801796
1.8650000095367	-6.4563771488713
1.8680000305176	-6.4578413449638
1.8710000514984	-6.4600870016644
1.8739999532700	-6.4631086026487
1.8769999742508	-6.4669024959445
1.8799999952316	-6.4714639549409
1.8830000162125	-6.4767861323768
1.8860000371933	-6.4828629243787
1.8890000581741	-6.4896877832673
1.8919999599457	-6.4972517973961
1.8949999809265	-6.5055497585616
1.8980000019073	-6.5145686428962
1.9010000228882	-6.5243029760506
1.9040000438690	-6.5347401109173
1.9069999456406	-6.5458721016571
1.9099999666214	-6.5576866920774
1.9129999876022	-6.5701717285791
1.9160000085831	-6.5833143880061
1.9190000295639	-6.5971025868169
1.9220000505447	-6.6115231753709
1.9249999523163	-6.6265610333913
1.9279999732971	-6.6422020551776
1.9309999942780	-6.6584314350302
1.9340000152588	-6.6752323377030
1.9370000362396	-6.6925882735893
1.9400000572205	-6.7104818271985
1.9429999589920	-6.7288958937669
1.9459999799728	-6.7478115587305
1.9490000009537	-6.7672093656526
1.9520000219345	-6.7870715409076
1.9550000429153	-6.8073768009968
1.9579999446869	-6.8281042385183
1.9609999656677	-6.8492322447549
1.9639999866486	-6.8707407006430
1.9670000076294	-6.8926045959919
1.9700000286102	-6.9148021581311
1.9730000495911	-6.9373102638623
1.9759999513626	-6.9601049180978
1.9789999723434	-6.9831613689358
1.9819999933243	-7.0064548796510
1.9850000143051	-7.0299588071556
1.9880000352859	-7.0536498241514
1.9910000562668	-7.0775002585901
1.9939999580383	-7.1014836546249
1.9969999790192	-7.1255727047598
2.0000000000000	-7.1497412692391
2.0030000209808	-7.1739598021620
2.0060000419617	-7.1982040283230
2.0090000629425	-7.2224427974681
2.0120000839233	-7.2466506616601
2.0150001049042	-7.2707976873076
2.0179998874664	-7.2948574591802
2.0209999084473	-7.3187995306136
2.0239999294281	-7.3425973639942
2.0269999504089	-7.3662232427966
2.0299999713898	-7.3896495712877
2.0329999923706	-7.4128472041525
2.0360000133514	-7.4357893873488
2.0390000343323	-7.4584502257517
2.0420000553131	-7.4808024168976
2.0450000762939	-7.5028201402005
2.0480000972748	-7.5244770723909
2.0510001182556	-7.5457489211187
2.0539999008179	-7.5666125692682
2.0569999217987	-7.5870409870472
2.0599999427795	-7.6070144907206
2.0629999637604	-7.6265101753034
2.0659999847412	-7.6455072428561
2.0690000057220	-7.6639845718712
2.0720000267029	-7.6819240070923
2.0750000476837	-7.6993065694061
2.0780000686646	-7.7161173428215
2.0810000896454	-7.7323369010984
2.0840001106262	-7.7479544097970
2.0869998931885	-7.7629547830064
2.0899999141693	-7.7773265633497
2.0929999351501	-7.7910600135332
2.0959999561310	-7.8041444013827
2.0989999771118	-7.8165721319883
2.1019999980927	-7.8283376214416
2.1050000190735	-7.8394365896039
2.1080000400543	-7.8498628160810
2.1110000610352	-7.8596155540586
2.1140000820160	-7.8686960898083
2.1170001029968	-7.8771018736132
2.1199998855591	-7.8848373428319
2.1229999065399	-7.8919055322048
2.1259999275208	-7.8983119908291
2.1289999485016	-7.9040634876540
2.1319999694824	-7.9091685007080
2.1349999904633	-7.9136331778513
2.1380000114441	-7.9174719544194
2.1410000324249	-7.9206937058954
2.1440000534058	-7.9233121483241
2.1470000743866	-7.9253423309115
2.1500000953674	-7.9268001249127
2.1530001163483	-7.9276994901389
2.1559998989105	-7.9280601743351
2.1589999198914	-7.9278978378443
2.1619999408722	-7.9272344686218
2.1649999618530	-7.9260897832962
2.1679999828339	-7.9244804949124
2.1710000038147	-7.9224328346595
2.1740000247955	-7.9199684421819
2.1770000457764	-7.9171073454627
2.1800000667572	-7.9138742879779
2.1830000877380	-7.9102930166490
2.1860001087189	-7.9063854660613
2.1889998912811	-7.9021792324197
2.1919999122620	-7.8976958981302
2.1949999332428	-7.8929629456728
2.1979999542236	-7.8880023539059
2.2009999752045	-7.8828410395203
2.2039999961853	-7.8775029400314
2.2070000171661	-7.8720137482722
2.2100000381470	-7.8663963404674
2.2130000591278	-7.8606773237982
2.2160000801086	-7.8548813196351
2.2190001010895	-7.8490311111029
2.2219998836517	-7.8431514980636
2.2249999046326	-7.8372655142497
2.2279999256134	-7.8313972414266
2.2309999465942	-7.8255686278340
2.2339999675751	-7.8198037941443
2.2369999885559	-7.8141220892247
2.2400000095367	-7.8085482695459
2.2430000305176	-7.8030999445022
2.2460000514984	-7.7977999438677
2.2490000724792	-7.7926685537513
2.2520000934601	-7.7877225580611
2.2550001144409	-7.7829832262103
2.2579998970032	-7.7784681286840
2.2609999179840	-7.7741948492152
2.2639999389648	-7.7701794473974
2.2669999599457	-7.7664390975527
2.2699999809265	-7.7629893512052
2.2730000019073	-7.7598452890407
2.2760000228882	-7.7570206916748
2.2790000438690	-7.7545301716211
2.2820000648499	-7.7523863243217
2.2850000858307	-7.7506012876992
2.2880001068115	-7.7491874505214
2.2909998893738	-7.7481544706851
2.2939999103546	-7.7475134932387
2.2969999313354	-7.7472757922517
2.2999999523163	-7.7474478473871
2.3029999732971	-7.7480409076861
2.3059999942780	-7.7490589542347
2.3090000152588	-7.7505124717455
2.3120000362396	-7.7524057743144
2.3150000572205	-7.7547459160884
2.3180000782013	-7.7575388513650
2.3210000991821	-7.7607881148087
2.3239998817444	-7.7644969509832
2.3269999027252	-7.7686702127790
2.3299999237061	-7.7733096787652
2.3329999446869	-7.7784192470345
2.3359999656677	-7.7839982600308
2.3389999866486	-7.7900502416232
2.3420000076294	-7.7965738658383
2.3450000286102	-7.8035702094551
2.3480000495911	-7.8110398314400
2.3510000705719	-7.8189792312086
2.3540000915527	-7.8273895748295
2.3570001125336	-7.8362668756836
2.3599998950958	-7.8456096660982
2.3629999160767	-7.8554146167089
2.3659999370575	-7.8656790368111
2.3689999580383	-7.8763982601354
2.3719999790192	-7.8875696189842
2.3750000000000	-7.8991877073235
2.3780000209808	-7.9112466250715
2.3810000419617	-7.9237409247890
2.3840000629425	-7.9366664270519
2.3870000839233	-7.9500169394669
2.3900001049042	-7.9637849073895
2.3929998874664	-7.9779638307691
2.3959999084473	-7.9925453103033
2.3989999294281	-8.0075251109098
2.4019999504089	-8.0228932134629
2.4049999713898	-8.0386424254009
2.4079999923706	-8.0547647331030
2.4110000133514	-8.0712512931888
2.4140000343323	-8.0880928619514
2.4170000553131	-8.1052825490990
2.4200000762939	-8.1228078686063
2.4230000972748	-8.1406644552054
2.4260001182556	-8.1588379624921
2.4289999008179	-8.1773230463582
2.4319999217987	-8.1961073567294
2.4349999427795	-8.2151819252738
2.4379999637604	-8.2345380757814
2.4409999847412	-8.2541640805585
2.4440000057220	-8.2740509971117
2.4470000267029	-8.2941886114353
2.4500000476837	-8.3145674454229
2.4530000686646	-8.3351767004578
2.4560000896454	-8.3560076129145
2.4590001106262	-8.3770487014274
2.4619998931885	-8.3982918350388
2.4649999141693	-8.4197254310348
2.4679999351501	-8.4413405487631
2.4709999561310	-8.4631288457024
2.4739999771118	-8.4850770656299
2.4769999980927	-8.5071793665716
2.4800000190735	-8.5294256497896
2.4830000400543	-8.5518063408563
2.4860000610352	-8.5743123812589
2.4890000820160	-8.5969352194640
2.4920001029968	-8.6196668131079
2.4949998855591	-8.6424975103013
2.4979999065399	-8.6654216434207
2.5009999275208	-8.6884277173718
2.5039999485016	-8.7115117407711
2.5069999694824	-8.7346624484527
2.5099999904633	-8.7578767910948
2.5130000114441	-8.7811458485016
2.5160000324249	-8.8044632932910
2.5190000534058	-8.8278232687542
2.5220000743866	-8.8512175161056
2.5250000953674	-8.8746447185261
2.5280001163483	-8.8980954198538
2.5309998989105	-8.9215671232556
2.5339999198914	-8.9450528225025
2.5369999408722	-8.9685495064773
2.5399999618530	-8.9920526310046
2.5429999828339	-9.0155588256072
2.5460000038147	-9.0390630620086
2.5490000247955	-9.0625637633261
2.5520000457764	-9.0860577669144
2.5550000667572	-9.1095416243242
2.5580000877380	-9.1330132796324
2.5610001087189	-9.1564711772740
2.5639998912811	-9.1799122283004
2.5669999122620	-9.2033352921385
2.5699999332428	-9.2267399980287
2.5729999542236	-9.2501250130305
2.5759999752045	-9.2734888545496
2.5789999961853	-9.2968308235876
2.5820000171661	-9.3201515768199
2.5850000381470	-9.3434500916097
2.5880000591278	-9.3667260805248
2.5910000801086	-9.3899807991255
2.5940001010895	-9.4132147120862
2.5969998836517	-9.4364265200913
2.5999999046326	-9.4596188168581
2.6029999256134	-9.4827927724893
2.6059999465942	-9.5059463011076
2.6089999675751	-9.5290827099654
2.6119999885559	-9.5522023541230
2.6150000095367	-9.5753061240084
2.6180000305176	-9.5983959638590
2.6210000514984	-9.6214721131441
2.6240000724792	-9.6445364834786
2.6270000934601	-9.6675894440742
2.6300001144409	-9.6906327206165
2.6329998970032	-9.7136668348066
2.6359999179840	-9.7366937405403
2.6389999389648	-9.7597122771884
2.6419999599457	-9.7827262330112
2.6449999809265	-9.8057351676886
2.6480000019073	-9.8287380376128
2.6510000228882	-9.8517393635944
2.6540000438690	-9.8747358620545
2.6570000648499	-9.8977295584623
2.6600000858307	-9.9207202485566
2.6630001068115	-9.9437078553198
2.6659998893738	-9.9666932049917
2.6689999103546	-9.9896749530974
2.6719999313354	-10.012652923462
2.6749999523163	-10.035626241281
2.6779999732971	-10.058594027494
2.6809999942780	-10.081554785231
2.6840000152588	-10.104508368310
2.6870000362396	-10.127452935176
2.6900000572205	-10.150386917884
2.6930000782013	-10.173308347336
2.6960000991821	-10.196214055129
2.6989998817444	-10.219103392119
2.7019999027252	-10.241972867193
2.7049999237061	-10.264821078564
2.7079999446869	-10.287643930808
2.7109999656677	-10.310439850711
2.7139999866486	-10.333203082770
2.7170000076294	-10.355932964520
2.7200000286102	-10.378624963696
2.7230000495911	-10.401275977297
2.7260000705719	-10.423881722369
2.7290000915527	-10.446439156801
2.7320001125336	-10.468942458881
2.7349998950958	-10.491390544290
2.7379999160767	-10.513776044297
2.7409999370575	-10.536098052201
2.7439999580383	-10.558349947150
2.7469999790192	-10.580527678774
2.7500000000000	-10.602628255775
2.7530000209808	-10.624647384057
2.7560000419617	-10.646580216043
2.7590000629425	-10.668423731496
2.7620000839233	-10.690172028845
2.7650001049042	-10.711823694306
2.7679998874664	-10.733372308039
2.7709999084473	-10.754817371049
2.7739999294281	-10.776151261164
2.7769999504089	-10.797374395561
2.7799999713898	-10.818481673809
2.7829999923706	-10.839471116173
2.7860000133514	-10.860339194379
2.7890000343323	-10.881084378544
2.7920000553131	-10.901703628141
2.7950000762939	-10.922196739651
2.7980000972748	-10.942560226528
2.8010001182556	-10.962794727384
2.8039999008179	-10.982897815318
2.8069999217987	-11.002871788229
2.8099999427795	-11.022713373742
2.8129999637604	-11.042424996582
2.8159999847412	-11.062008656094
2.8190000057220	-11.081461188061
2.8220000267029	-11.100787951672
2.8250000476837	-11.119990940803
2.8280000686646	-11.139071322135
2.8310000896454	-11.158032957242
2.8340001106262	-11.176880485064
2.8369998931885	-11.195615043760
2.8399999141693	-11.214243564426
2.8429999351501	-11.232769742928
2.8459999561310	-11.251200521937
2.8489999771118	-11.269540326939
2.8519999980927	-11.287795635776
2.8550000190735	-11.305975435929
2.8580000400543	-11.324084540472
2.8610000610352	-11.342132931930
2.8640000820160	-11.360127415237
2.8670001029968	-11.378078277564
2.8699998855591	-11.395991684556
2.8729999065399	-11.413881045919
2.8759999275208	-11.431753966380
2.8789999485016	-11.449620503569
2.8819999694824	-11.467493628463
2.8849999904633	-11.485382290728
2.8880000114441	-11.503300678475
2.8910000324249	-11.521258431898
2.8940000534058	-11.539267875146
2.8970000743866	-11.557342221502
2.9000000953674	-11.575493836247
2.9030001163483	-11.593735618558
2.9059998989105	-11.612080544627
2.9089999198914	-11.630542020591
2.9119999408722	-11.649133836507
2.9149999618530	-11.667870216888
2.9179999828339	-11.686762715345
2.9210000038147	-11.705829357989
2.9240000247955	-11.725079530947
2.9270000457764	-11.744529853041
2.9300000667572	-11.764195398482
2.9330000877380	-11.784087288311
2.9360001087189	-11.804221489945
2.9389998912811	-11.824613130681
2.9419999122620	-11.845273904887
2.9449999332428	-11.866217978788
2.9479999542236	-11.887460775956
2.9509999752045	-11.909014098750
2.9539999961853	-11.930892576113
2.9570000171661	-11.953108298450
2.9600000381470	-11.975676919175
2.9630000591278	-11.998608643762
2.9660000801086	-12.021917540827
2.9690001010895	-12.045616029390
2.9719998836517	-12.069714538355
2.9749999046326	-12.094226841529
2.9779999256134	-12.119163457555
2.9809999465942	-12.144536227826
2.9839999675751	-12.170353967047
2.9869999885559	-12.196629515133
2.9900000095367	-12.223371412526
2.9930000305176	-12.250588944830
2.9960000514984	-12.278293460725
2.9990000724792	-12.306492549828
3.0020000934601	-12.335192352071
3.0050001144409	-12.364403631664
3.0079998970032	-12.394133505258
3.0109999179840	-12.424387539798
3.0139999389648	-12.455172000241
3.0169999599457	-12.486492222269
3.0199999809265	-12.518355977930
3.0230000019073	-12.550767140020
3.0260000228882	-12.583729433426
3.0290000438690	-12.617246160765
3.0320000648499	-12.651321046207
3.0350000858307	-12.685956326923
3.0380001068115	-12.721155517964
3.0409998893738	-12.756919467263
3.0439999103546	-12.793246809893
3.0469999313354	-12.830140818817
3.0499999523163	-12.867599590768
3.0529999732971	-12.905623559391
3.0559999942780	-12.944209459137
3.0590000152588	-12.983357015457
3.0620000362396	-13.023062357368
3.0650000572205	-13.063323289528
3.0680000782013	-13.104135287126
3.0710000991821	-13.145494446282
3.0739998817444	-13.187395365531
3.0769999027252	-13.229832804909
3.0799999237061	-13.272801485040
3.0829999446869	-13.316293542773
3.0859999656677	-13.360302557031
3.0889999866486	-13.404820128980
3.0920000076294	-13.449839382376
3.0950000286102	-13.495349128515
3.0980000495911	-13.541342879436
3.1010000705719	-13.587809094726
3.1040000915527	-13.634738706251
3.1070001125336	-13.682120207764
3.1099998950958	-13.729942837832
3.1129999160767	-13.778195378359
3.1159999370575	-13.826865659260
3.1189999580383	-13.875942223341
3.1219999790192	-13.925411198319
3.1250000000000	-13.975260724842
3.1280000209808	-14.025477394288
3.1310000419617	-14.076046597736
3.1340000629425	-14.126956345637
3.1370000839233	-14.178193025891
3.1400001049042	-14.229741948634
3.1429998874664	-14.281588338284
3.1459999084473	-14.333719150586
3.1489999294281	-14.386121386847
3.1519999504089	-14.438777096237
3.1549999713898	-14.491675754011
3.1579999923706	-14.544801644302
3.1610000133514	-14.598142002378
3.1640000343323	-14.651681904757
3.1670000553131	-14.705408325663
3.1700000762939	-14.759308008616
3.1730000972748	-14.813368587683
3.1760001182556	-14.867575961143
3.1789999008179	-14.921920220360
3.1819999217987	-14.976387468876
3.1849999427795	-15.030967822752
3.1879999637604	-15.085649538825
3.1909999847412	-15.140423631767
3.1940000057220	-15.195280251332
3.1970000267029	-15.250209757422
3.2000000476837	-15.305204774262
3.2030000686646	-15.360259001772
3.2060000896454	-15.415363059031
3.2090001106262	-15.470513887470
3.2119998931885	-15.525704664680
3.2149999141693	-15.580932095792
3.2179999351501	-15.636193722150
3.2209999561310	-15.691486250288
3.2239999771118	-15.746809561504
3.2269999980927	-15.802161286239
3.2300000190735	-15.857543833676
3.2330000400543	-15.912958509697
3.2360000610352	-15.968408771030
3.2390000820160	-16.023895696540
3.2420001029968	-16.079426846850
3.2449998855591	-16.135006971837
3.2479999065399	-16.190641954202
3.2509999275208	-16.246338983049
3.2539999485016	-16.302109770029
3.2569999694824	-16.357961240633
3.2599999904633	-16.413905250925
3.2630000114441	-16.469951766891
3.2660000324249	-16.526114926887
3.2690000534058	-16.582407291600
3.2720000743866	-16.638842600172
3.2750000953674	-16.695436867714
3.2780001163483	-16.752203278406
3.2809998989105	-16.809159747743
3.2839999198914	-16.866324065185
3.2869999408722	-16.923712261778
3.2899999618530	-16.981341397405
3.2929999828339	-17.039234570779
3.2960000038147	-17.097405981012
3.2990000247955	-17.155876636903
3.3020000457764	-17.214667230823
3.3050000667572	-17.273796000070
3.3080000877380	-17.333286565770
3.3110001087189	-17.393155439385
3.3139998912811	-17.453425534711
3.3169999122620	-17.514116598243
3.3199999332428	-17.575249020204
3.3229999542236	-17.636843896281
3.3259999752045	-17.698920233841
3.3289999961853	-17.761499709248
3.3320000171661	-17.824600839860
3.3350000381470	-17.888242970202
3.3380000591278	-17.952445324476
3.3410000801086	-18.017224670640
3.3440001010895	-18.082602156641
3.3469998836517	-18.148592245078
3.3499999046326	-18.215212838295
3.3529999256134	-18.282479787677
3.3559999465942	-18.350407825183
3.3589999675751	-18.419010727982
3.3619999885559	-18.488302501972
3.3650000095367	-18.558294947535
3.3680000305176	-18.628999051647
3.3710000514984	-18.700425680597
3.3740000724792	-18.772583448195
3.3770000934601	-18.845480401325
3.3800001144409	-18.919122444718
3.3829998970032	-18.993514804312
3.3859999179840	-19.068662407967
3.3889999389648	-19.144567390453
3.3919999599457	-19.221230987199
3.3949999809265	-19.298651125328
3.3980000019073	-19.376828051393
3.4010000228882	-19.455757631126
3.4040000438690	-19.535434025173
3.4070000648499	-19.615851280317
3.4100000858307	-19.697000722670
3.4130001068115	-19.778872243218
3.4159998893738	-19.861454266257
3.4189999103546	-19.944733201128
3.4219999313354	-20.028695407788
3.4249999523163	-20.113322867822
3.4279999732971	-20.198596171295
3.4309999942780	-20.284496809546
3.4340000152588	-20.371002760815
3.4370000362396	-20.458090551890
3.4400000572205	-20.545734990831
3.4430000782013	-20.633909692028
3.4460000991821	-20.722585669544
3.4489998817444	-20.811735055705
3.4519999027252	-20.901327454093
3.4549999237061	-20.991330036588
3.4579999446869	-21.081710289404
3.4609999656677	-21.172433756436
3.4639999866486	-21.263465628124
3.4670000076294	-21.354770465015
3.4700000286102	-21.446312024013
3.4730000495911	-21.538054005298
3.4760000705719	-21.629959310624
3.4790000915527	-21.721992691858
3.4820001125336	-21.814115999154
3.4849998950958	-21.906294458108
3.4879999160767	-21.998490342452
3.4909999370575	-22.090670853946
3.4939999580383	-22.182803185914
3.4969999790192	-22.274854449398
3.5000000000000	-22.366794336630
#Parameters = {L=32; Lgnd=10; Lrond=0.7; W=24; eps_inf_G35=4.3361; eps_inf_sc=4; eps_s1_G35=19; eps_s1_sc=26; eps_s2_G35=58.1481; eps_s2_sc=500; h=1.6; h2=3.2; hbase=7; hclad=0.018; hsub=1.575; lbase=1.5; length=100; lg=80; lgap=0.5; lgap1=1; lgap2=0.5; lpin=4.7; lsma=7.6; r=10; r1=4; r2=3; rd=1.3; rpin=0.39; rsma=5.5; tCSF=2; tSpinalCord=8; tau_1_G35=1.24086e-11; tau_1_sc=7.958e-12; tau_2_G35=1.001481e-07; tau_2_sc=106.103; tbone=10; tcoupling=9.2; tfat=8; thickness=0.035; tmuscle=20; tskin=2; wfeed=2.9; wgap=0.5; wgap1=4; wgap2=0.7; wgnd=10.05; width=60; wleg=1.7}
#"Frequency / GHz"	"S1,1 (tcoupling=9.2) [Magnitude / dB]"
#---------------------------------------------------------
0.50000000000000	-0.57175868521224
0.50300002098083	-0.57355852780150
0.50599998235703	-0.57537809428248
0.50900000333786	-0.57721690557724
0.51200002431870	-0.57907060308349
0.51499998569489	-0.58093769141303
0.51800000667572	-0.58281654945316
0.52100002765656	-0.58470601618102
0.52399998903275	-0.58660082716984
0.52700001001358	-0.58850175680790
0.52999997138977	-0.59040569466149
0.53299999237061	-0.59230920602758
0.53600001335144	-0.59421181997329
0.53899997472763	-0.59611049631357
0.54199999570847	-0.59800426532882
0.54500001668930	-0.59988954783654
0.54799997806549	-0.60176592949503
0.55099999904633	-0.60363011212011
0.55400002002716	-0.60548181231579
0.55699998140335	-0.60731933940289
0.56000000238419	-0.60913905382849
0.56300002336502	-0.61094084061639
0.56599998474121	-0.61272313854225
0.56900000572205	-0.61448449221119
0.57200002670288	-0.61622229267171
0.57499998807907	-0.61793865951070
0.57800000905991	-0.61962853554342
0.58099997043610	-0.62129401991876
0.58399999141693	-0.62293364757573
0.58700001239777	-0.62454403962265
0.58999997377396	-0.62612923364006
0.59299999475479	-0.62768388232950
0.59600001573563	-0.62921002765343
0.59899997711182	-0.63070675953893
0.60199999809265	-0.63217324981878
0.60500001907349	-0.63361168015812
0.60799998044968	-0.63502015740779
0.61100000143051	-0.63639959918840
0.61400002241135	-0.63774770698919
0.61699998378754	-0.63906960073760
0.62000000476837	-0.64036233610626
0.62300002574921	-0.64162898839734
0.62599998712540	-0.64286709676845
0.62900000810623	-0.64408088943139
0.63200002908707	-0.64526766883599
0.63499999046326	-0.64643285330436
0.63800001144409	-0.64757444647919
0.64099997282028	-0.64869500132558
0.64399999380112	-0.64979524174756
0.64700001478195	-0.65087701280837
0.64999997615814	-0.65194034228537
0.65299999713898	-0.65299187213801
0.65600001811981	-0.65402706008268
0.65899997949600	-0.65505320012766
0.66200000047684	-0.65606851932728
0.66500002145767	-0.65707630315187
0.66799998283386	-0.65807868643267
0.67100000381470	-0.65907801286277
0.67400002479553	-0.66007569426791
0.67699998617172	-0.66107464481534
0.68000000715256	-0.66207613419255
0.68300002813339	-0.66308392798624
0.68599998950958	-0.66410023849941
0.68900001049042	-0.66512698253202
0.69199997186661	-0.66616661278081
0.69499999284744	-0.66722138412039
0.69800001382828	-0.66829445595036
0.70099997520447	-0.66938746720702
0.70399999618530	-0.67050327669420
0.70700001716614	-0.67164420749950
0.70999997854233	-0.67281280880906
0.71299999952316	-0.67401095994465
0.71600002050400	-0.67524253102468
0.71899998188019	-0.67650702449411
0.72200000286102	-0.67781077821266
0.72500002384186	-0.67915366518830
0.72799998521805	-0.68053782005519
0.73100000619888	-0.68196654158971
0.73400002717972	-0.68344135498342
0.73699998855591	-0.68496535815567
0.74000000953674	-0.68653909182318
0.74299997091293	-0.68816508849852
0.74599999189377	-0.68984585320519
0.74900001287460	-0.69158348423342
0.75199997425079	-0.69337822885145
0.75499999523163	-0.69523394813025
0.75800001621246	-0.69714973059567
0.76099997758865	-0.69912825744682
0.76399999856949	-0.70117318797976
0.76700001955032	-0.70328288180204
0.76999998092651	-0.70546029670205
0.77300000190735	-0.70770544302009
0.77600002288818	-0.71001960432287
0.77899998426437	-0.71240470769763
0.78200000524521	-0.71486130090188
0.78500002622604	-0.71738961299108
0.78799998760223	-0.71999114699580
0.79100000858307	-0.72266617750305
0.79400002956390	-0.72541497285264
0.79699999094009	-0.72823765737918
0.80000001192093	-0.73113621723961
0.80299997329712	-0.73410908407683
0.80599999427795	-0.73715761583825
0.80900001525879	-0.74027990756699
0.81199997663498	-0.74347891745973
0.81499999761581	-0.74675164599868
0.81800001859665	-0.75009894741019
0.82099997997284	-0.75352112060454
0.82400000095367	-0.75701653489640
0.82700002193451	-0.76058615648910
0.82999998331070	-0.76422791589912
0.83300000429153	-0.76794178335936
0.83600002527237	-0.77172750756523
0.83899998664856	-0.77558325766887
0.84200000762939	-0.77950884063273
0.84500002861023	-0.78350316314480
0.84799998998642	-0.78756517481139
0.85100001096725	-0.79169397646367
0.85399997234344	-0.79588811976394
0.85699999332428	-0.80014735441339
0.86000001430511	-0.80446882720253
0.86299997568130	-0.80885298513721
0.86599999666214	-0.81329742278514
0.86900001764297	-0.81780184044414
0.87199997901917	-0.82236299153899
0.87500000000000	-0.82698111447700
0.87800002098083	-0.83165423630765
0.88099998235703	-0.83638095769327
0.88400000333786	-0.84116172327132
0.88700002431870	-0.84599210407348
0.88999998569489	-0.85087266384213
0.89300000667572	-0.85580043403376
0.89600002765656	-0.86077551833607
0.89899998903275	-0.86579548286343
0.90200001001358	-0.87086045391108
0.90499997138977	-0.87596771155276
0.90799999237061	-0.88111575105023
0.91100001335144	-0.88630431308474
0.91399997472763	-0.89153157584684
0.91699999570847	-0.89679586638185
0.92000001668930	-0.90209647466070
0.92299997806549	-0.90743285385888
0.92599999904633	-0.91280324823137
0.92900002002716	-0.91820691181640
0.93199998140335	-0.92364153204281
0.93500000238419	-0.92910871996509
0.93800002336502	-0.93460540763979
0.94099998474121	-0.94013134286035
0.94400000572205	-0.94568763332800
0.94700002670288	-0.95127032682408
0.94999998807907	-0.95688000183916
0.95300000905991	-0.96251725868415
0.95599997043610	-0.96818166704353
0.95899999141693	-0.97387255558707
0.96200001239777	-0.97958807224416
0.96499997377396	-0.98532907791183
0.96799999475479	-0.99109556647728
0.97100001573563	-0.99688788125680
0.97399997711182	-1.0027046205891
0.97699999809265	-1.0085480295537
0.98000001907349	-1.0144151757769
0.98299998044968	-1.0203086375196
0.98600000143051	-1.0262284663630
0.98900002241135	-1.0321746263769
0.99199998378754	-1.0381473844205
0.99500000476837	-1.0441475406191
0.99800002574921	-1.0501748032987
1.0010000467300	-1.0562312448008
1.0039999485016	-1.0623175925250
1.0069999694824	-1.0684323150773
1.0099999904633	-1.0745790106751
1.0130000114441	-1.0807566481269
1.0160000324249	-1.0869678978092
1.0190000534058	-1.0932122740670
1.0219999551773	-1.0994914943252
1.0249999761581	-1.1058060659389
1.0279999971390	-1.1121593409463
1.0310000181198	-1.1185506371091
1.0340000391006	-1.1249805408483
1.0369999408722	-1.1314514785284
1.0399999618530	-1.1379649505347
1.0429999828339	-1.1445208083275
1.0460000038147	-1.1511222408702
1.0490000247955	-1.1577710861848
1.0520000457764	-1.1644680958390
1.0549999475479	-1.1712133947348
1.0579999685287	-1.1780101357787
1.0609999895096	-1.1848586520586
1.0640000104904	-1.1917602932741
1.0670000314713	-1.1987187870459
1.0700000524521	-1.2057337665096
1.0729999542236	-1.2128066317629
1.0759999752045	-1.2199427395502
1.0789999961853	-1.2271384608420
1.0820000171661	-1.2343968233023
1.0850000381470	-1.2417198295989
1.0880000591278	-1.2491123148481
1.0909999608994	-1.2565701679710
1.0939999818802	-1.2640996262364
1.0970000028610	-1.2716996744696
1.1000000238419	-1.2793716994820
1.1030000448227	-1.2871173206010
1.1059999465942	-1.2949419809449
1.1089999675751	-1.3028421545826
1.1119999885559	-1.3108212913333
1.1150000095367	-1.3188808730439
1.1180000305176	-1.3270214070754
1.1210000514984	-1.3352474593939
1.1239999532700	-1.3435569356613
1.1269999742508	-1.3519546975424
1.1299999952316	-1.3604383830331
1.1330000162125	-1.3690127714874
1.1360000371933	-1.3776775010931
1.1390000581741	-1.3864339577371
1.1419999599457	-1.3952854062392
1.1449999809265	-1.4042320292193
1.1480000019073	-1.4132737608314
1.1510000228882	-1.4224148124908
1.1540000438690	-1.4316565561693
1.1569999456406	-1.4409984032059
1.1599999666214	-1.4504419492880
1.1629999876022	-1.4599908152370
1.1660000085831	-1.4696439190396
1.1690000295639	-1.4794056206058
1.1720000505447	-1.4892742854460
1.1749999523163	-1.4992550161421
1.1779999732971	-1.5093466235939
1.1809999942780	-1.5195528795907
1.1840000152588	-1.5298726027330
1.1870000362396	-1.5403102199316
1.1900000572205	-1.5508669846067
1.1929999589920	-1.5615439871397
1.1959999799728	-1.5723430300814
1.1990000009537	-1.5832658081398
1.2020000219345	-1.5943159075154
1.2050000429153	-1.6054925152659
1.2079999446869	-1.6168009426069
1.2109999656677	-1.6282407960501
1.2139999866486	-1.6398167920380
1.2170000076294	-1.6515281782593
1.2200000286102	-1.6633790384830
1.2230000495911	-1.6753713914800
1.2259999513626	-1.6875083043973
1.2289999723434	-1.6997906335058
1.2319999933243	-1.7122232931566
1.2350000143051	-1.7248082014150
1.2380000352859	-1.7375474486645
1.2410000562668	-1.7504453777741
1.2439999580383	-1.7635032965542
1.2469999790192	-1.7767261083503
1.2500000000000	-1.7901141728868
1.2530000209808	-1.8036735714100
1.2560000419617	-1.8174069490557
1.2589999437332	-1.8313171449080
1.2619999647141	-1.8454084372857
1.2649999856949	-1.8596829693253
1.2680000066757	-1.8741472370952
1.2710000276566	-1.8888020075099
1.2740000486374	-1.9036536520070
1.2769999504089	-1.9187050914680
1.2799999713898	-1.9339588599198
1.2829999923706	-1.9494216608713
1.2860000133514	-1.9650960636204
1.2890000343323	-1.9809881182022
1.2920000553131	-1.9970998731460
1.2949999570847	-2.0134381195676
1.2979999780655	-2.0300043797599
1.3009999990463	-2.0468055324144
1.3040000200272	-2.0638461034311
1.3070000410080	-2.0811305392963
1.3099999427795	-2.0986632524679
1.3129999637604	-2.1164471519758
1.3159999847412	-2.1344903719859
1.3190000057220	-2.1527963421031
1.3220000267029	-2.1713679902804
1.3250000476837	-2.1902130392753
1.3279999494553	-2.2093331414825
1.3309999704361	-2.2287370073904
1.3339999914169	-2.2484256932865
1.3370000123978	-2.2684063285267
1.3400000333786	-2.2886821054867
1.3430000543594	-2.3092577868333
1.3459999561310	-2.3301396225730
1.3489999771118	-2.3513308370726
1.3519999980927	-2.3728351270127
1.3550000190735	-2.3946581214814
1.3580000400543	-2.4168028225600
1.3609999418259	-2.4392753471845
1.3639999628067	-2.4620773990215
1.3669999837875	-2.4852145303972
1.3700000047684	-2.5086892788894
1.3730000257492	-2.5325053580505
1.3760000467300	-2.5566679793436
1.3789999485016	-2.5811782285157
1.3819999694824	-2.6060392944898
1.3849999904633	-2.6312553780420
1.3880000114441	-2.6568276710799
1.3910000324249	-2.6827581999577
1.3940000534058	-2.7090509281896
1.3969999551773	-2.7357045806670
1.3999999761581	-2.7627237340880
1.4029999971390	-2.7901084838191
1.4060000181198	-2.8178592068898
1.4090000391006	-2.8459763448286
1.4119999408722	-2.8744617140247
1.4149999618530	-2.9033126751818
1.4179999828339	-2.9325299940796
1.4210000038147	-2.9621124821555
1.4240000247955	-2.9920593472096
1.4270000457764	-3.0223687138427
1.4299999475479	-3.0530390174843
1.4329999685287	-3.0840653998517
1.4359999895096	-3.1154453561531
1.4390000104904	-3.1471768728324
1.4420000314713	-3.1792550415660
1.4450000524521	-3.2116744703784
1.4479999542236	-3.2444301542176
1.4509999752045	-3.2775178881396
1.4539999961853	-3.3109295918463
1.4570000171661	-3.3446599898807
1.4600000381470	-3.3786997260531
1.4630000591278	-3.4130435803616
1.4659999608994	-3.4476802803435
1.4689999818802	-3.4826019825762
1.4720000028610	-3.5177978769414
1.4750000238419	-3.5532585895948
1.4780000448227	-3.5889725216670
1.4809999465942	-3.6249282199817
1.4839999675751	-3.6611132359197
1.4869999885559	-3.6975142427917
1.4900000095367	-3.7341171973659
1.4930000305176	-3.7709081663602
1.4960000514984	-3.8078723798506
1.4989999532700	-3.8449931160499
1.5019999742508	-3.8822545791205
1.5049999952316	-3.9196404175135
1.5080000162125	-3.9571324793278
1.5110000371933	-3.9947113239908
1.5140000581741	-4.0323590559310
1.5169999599457	-4.0700570361882
1.5199999809265	-4.1077852303660
1.5230000019073	-4.1455195725803
1.5260000228882	-4.1832417570599
1.5290000438690	-4.2209295800641
1.5319999456406	-4.2585616248882
1.5349999666214	-4.2961122381905
1.5379999876022	-4.3335610215018
1.5410000085831	-4.3708839005739
1.5440000295639	-4.4080553976153
1.5470000505447	-4.4450531399648
1.5499999523163	-4.4818513107493
1.5529999732971	-4.5184269850417
1.5559999942780	-4.5547531426112
1.5590000152588	-4.5908056838033
1.5620000362396	-4.6265592607058
1.5650000572205	-4.6619895745600
1.5679999589920	-4.6970705881326
1.5709999799728	-4.7317781157246
1.5740000009537	-4.7660872349083
1.5770000219345	-4.7999743559240
1.5800000429153	-4.8334138360434
1.5829999446869	-4.8663837126318
1.5859999656677	-4.8988599258416
1.5889999866486	-4.9308217420126
1.5920000076294	-4.9622454054410
1.5950000286102	-4.9931102959486
1.5980000495911	-5.0233967935290
1.6009999513626	-5.0530840756547
1.6039999723434	-5.0821551637304
1.6069999933243	-5.1105917989939
1.6100000143051	-5.1383791833611
1.6130000352859	-5.1655007447216
1.6160000562668	-5.1919430354428
1.6189999580383	-5.2176931782851
1.6219999790192	-5.2427406721316
1.6250000000000	-5.2670754172545
1.6280000209808	-5.2906899689096
1.6310000419617	-5.3135771498006
1.6339999437332	-5.3357314985488
1.6369999647141	-5.3571514143257
1.6399999856949	-5.3778322998666
1.6430000066757	-5.3977760794292
1.6460000276566	-5.4169832919252
1.6490000486374	-5.4354580283367
1.6519999504089	-5.4532047918816
1.6549999713898	-5.4702301297000
1.6579999923706	-5.4865429197650
1.6610000133514	-5.5021532477048
1.6640000343323	-5.5170745566884
1.6670000553131	-5.5313168371312
1.6699999570847	-5.5448974920974
1.6729999780655	-5.5578328553966
1.6759999990463	-5.5701412033924
1.6790000200272	-5.5818415287331
1.6820000410080	-5.5929567550224
1.6849999427795	-5.6035071811900
1.6879999637604	-5.6135192430709
1.6909999847412	-5.6230151964340
1.6940000057220	-5.6320240320442
1.6970000267029	-5.6405723261889
1.7000000476837	-5.6486877192748
1.7029999494553	-5.6564015278427
1.7059999704361	-5.6637423475077
1.7089999914169	-5.6707424087434
1.7120000123978	-5.6774335477203
1.7150000333786	-5.6838484541287
1.7180000543594	-5.6900204273083
1.7209999561310	-5.6959839070361
1.7239999771118	-5.7017710352380
1.7269999980927	-5.7074202579758
1.7300000190735	-5.7129615277424
1.7330000400543	-5.7184337176067
1.7359999418259	-5.7238692411435
1.7389999628067	-5.7293052082627
1.7419999837875	-5.7347771042408
1.7450000047684	-5.7403191114560
1.7480000257492	-5.7459655281668
1.7510000467300	-5.7517548602196
1.7539999485016	-5.7577181164112
1.7569999694824	-5.7638916038269
1.7599999904633	-5.7703068306928
1.7630000114441	-5.7770023353138
1.7660000324249	-5.7840063703784
1.7690000534058	-5.7913557147227
1.7719999551773	-5.7990800471971
1.7749999761581	-5.8072117538668
1.7779999971390	-5.8157820200577
1.7810000181198	-5.8248224809469
1.7840000391006	-5.8343628627605
1.7869999408722	-5.8444302007996
1.7899999618530	-5.8550548861923
1.7929999828339	-5.8662642096987
1.7960000038147	-5.8780844728653
1.7990000247955	-5.8905450151639
1.8020000457764	-5.9036688840839
1.8049999475479	-5.9174800869952
1.8079999685287	-5.9320047787088
1.8109999895096	-5.9472650450597
1.8140000104904	-5.9632833969768
1.8170000314713	-5.9800809706689
1.8200000524521	-5.9976772051689
1.8229999542236	-6.0160933848089
1.8259999752045	-6.0353481019878
1.8289999961853	-6.0554592910513
1.8320000171661	-6.0764424406916
1.8350000381470	-6.0983155822103
1.8380000591278	-6.1210924174908
1.8409999608994	-6.1447862273157
1.8439999818802	-6.1694122648244
1.8470000028610	-6.1949820816289
1.8500000238419	-6.2215058409343
1.8530000448227	-6.2489939568906
1.8559999465942	-6.2774551016798
1.8589999675751	-6.3068983539843
1.8619999885559	-6.3373294677011
1.8650000095367	-6.3687567927889
1.8680000305176	-6.4011808676566
1.8710000514984	-6.4346086120780
1.8739999532700	-6.4690409072951
1.8769999742508	-6.5044785208571
1.8799999952316	-6.5409233074446
1.8830000162125	-6.5783722856647
1.8860000371933	-6.6168245491856
1.8890000581741	-6.6562741775598
1.8919999599457	-6.6967171981336
1.8949999809265	-6.7381458873575
1.8980000019073	-6.7805532478865
1.9010000228882	-6.8239297812151
1.9040000438690	-6.8682628774250
1.9069999456406	-6.9135416188120
1.9099999666214	-6.9597511902276
1.9129999876022	-7.0068748501925
1.9160000085831	-7.0548952419588
1.9190000295639	-7.1037940177672
1.9220000505447	-7.1535494412988
1.9249999523163	-7.2041371623529
1.9279999732971	-7.2555348465468
1.9309999942780	-7.3077133711267
1.9340000152588	-7.3606445457611
1.9370000362396	-7.4142965479624
1.9400000572205	-7.4686366700915
1.9429999589920	-7.5236320080210
1.9459999799728	-7.5792412205085
1.9490000009537	-7.6354269980989
1.9520000219345	-7.6921450406918
1.9550000429153	-7.7493537110313
1.9579999446869	-7.8070059322006
1.9609999656677	-7.8650486940141
1.9639999866486	-7.9234355713224
1.9670000076294	-7.9821101974700
1.9700000286102	-8.0410160579486
1.9730000495911	-8.1000947781346
1.9759999513626	-8.1592857815026
1.9789999723434	-8.2185233623350
1.9819999933243	-8.2777448167487
1.9850000143051	-8.3368806207931
1.9880000352859	-8.3958608324143
1.9910000562668	-8.4546115529078
1.9939999580383	-8.5130595257007
1.9969999790192	-8.5711317027038
2.0000000000000	-8.6287457932331
2.0030000209808	-8.6858248184751
2.0060000419617	-8.7422877951944
2.0090000629425	-8.7980536634145
2.0120000839233	-8.8530406072706
2.0150001049042	-8.9071634184374
2.0179998874664	-8.9603385463770
2.0209999084473	-9.0124857345693
2.0239999294281	-9.0635188460098
2.0269999504089	-9.1133566370864
2.0299999713898	-9.1619170037107
2.0329999923706	-9.2091201226445
2.0360000133514	-9.2548864294739
2.0390000343323	-9.2991429200789
2.0420000553131	-9.3418119052458
2.0450000762939	-9.3828237334046
2.0480000972748	-9.4221134305913
2.0510001182556	-9.4596113202470
2.0539999008179	-9.4952634315774
2.0569999217987	-9.5290112180978
2.0599999427795	-9.5608051651805
2.0629999637604	-9.5905977081309
2.0659999847412	-9.6183510031545
2.0690000057220	-9.6440293599512
2.0720000267029	-9.6676021228266
2.0750000476837	-9.6890500098089
2.0780000686646	-9.7083546426924
2.0810000896454	-9.7255042807672
2.0840001106262	-9.7404970238540
2.0869998931885	-9.7533339050343
2.0899999141693	-9.7640235212215
2.0929999351501	-9.7725836150197
2.0959999561310	-9.7790302185303
2.0989999771118	-9.7833926811000
2.1019999980927	-9.7857052068873
2.1050000190735	-9.7860025886051
2.1080000400543	-9.7843288568380
2.1110000610352	-9.7807330759121
2.1140000820160	-9.7752675724028
2.1170001029968	-9.7679893032814
2.1199998855591	-9.7589566841948
2.1229999065399	-9.7482368648142
2.1259999275208	-9.7358956063229
2.1289999485016	-9.7220023990738
2.1319999694824	-9.7066305846972
2.1349999904633	-9.6898525233940
2.1380000114441	-9.6717451767837
2.1410000324249	-9.6523811466883
2.1440000534058	-9.6318424644342
2.1470000743866	-9.6102045508960
2.1500000953674	-9.5875449451685
2.1530001163483	-9.5639401279309
2.1559998989105	-9.5394689339596
2.1589999198914	-9.5142049609657
2.1619999408722	-9.4882241704807
2.1649999618530	-9.4615996435954
2.1679999828339	-9.4344036805450
2.1710000038147	-9.4067056264636
2.1740000247955	-9.3785748221887
2.1770000457764	-9.3500779797240
2.1800000667572	-9.3212768362063
2.1830000877380	-9.2922363721590
2.1860001087189	-9.2630148639499
2.1889998912811	-9.2336686321038
2.1919999122620	-9.2042533222289
2.1949999332428	-9.1748217893595
2.1979999542236	-9.1454201027018
2.2009999752045	-9.1160998492566
2.2039999961853	-9.0869036856830
2.2070000171661	-9.0578715371076
2.2100000381470	-9.0290467458632
2.2130000591278	-9.0004623996222
2.2160000801086	-8.9721558788837
2.2190001010895	-8.9441568332323
2.2219998836517	-8.9164963615835
2.2249999046326	-8.8892008675656
2.2279999256134	-8.8622951623864
2.2309999465942	-8.8358017702603
2.2339999675751	-8.8097416027667
2.2369999885559	-8.7841312536915
2.2400000095367	-8.7589892633033
2.2430000305176	-8.7343276389535
2.2460000514984	-8.7101589381846
2.2490000724792	-8.6864930021984
2.2520000934601	-8.6633397200165
2.2550001144409	-8.6407026077392
2.2579998970032	-8.6185898275013
2.2609999179840	-8.5970021903823
2.2639999389648	-8.5759422957054
2.2669999599457	-8.5554100007895
2.2699999809265	-8.5354028540421
2.2730000019073	-8.5159174608890
2.2760000228882	-8.4969517829154
2.2790000438690	-8.4784992345575
2.2820000648499	-8.4605532928890
2.2850000858307	-8.4431044068041
2.2880001068115	-8.4261465496458
2.2909998893738	-8.4096663208140
2.2939999103546	-8.3936547207651
2.2969999313354	-8.3780997520854
2.2999999523163	-8.3629863825575
2.3029999732971	-8.3483045365009
2.3059999942780	-8.3340359618965
2.3090000152588	-8.3201679553589
2.3120000362396	-8.3066849858085
2.3150000572205	-8.2935677358192
2.3180000782013	-8.2808031371271
2.3210000991821	-8.2683713551887
2.3239998817444	-8.2562554062464
2.3269999027252	-8.2444362239211
2.3299999237061	-8.2328989375336
2.3329999446869	-8.2216206135134
2.3359999656677	-8.2105838813807
2.3389999866486	-8.1997711376009
2.3420000076294	-8.1891624533391
2.3450000286102	-8.1787382665012
2.3480000495911	-8.1684804705916
2.3510000705719	-8.1583699811962
2.3540000915527	-8.1483887682173
2.3570001125336	-8.1385186480098
2.3599998950958	-8.1287402045095
2.3629999160767	-8.1190357287771
2.3659999370575	-8.1093893148662
2.3689999580383	-8.0997813787009
2.3719999790192	-8.0901977804122
2.3750000000000	-8.0806217993826
2.3780000209808	-8.0710364121590
2.3810000419617	-8.0614289712087
2.3840000629425	-8.0517832131587
2.3870000839233	-8.0420873037934
2.3900001049042	-8.0323281501306
2.3929998874664	-8.0224915411278
2.3959999084473	-8.0125680389135
2.3989999294281	-8.0025475157474
2.4019999504089	-7.9924189657583
2.4049999713898	-7.9821740858909
2.4079999923706	-7.9718055690668
2.4110000133514	-7.9613053929869
2.4140000343323	-7.9506674587782
2.4170000553131	-7.9398873160709
2.4200000762939	-7.9289592906823
2.4230000972748	-7.9178814069602
2.4260001182556	-7.9066502633498
2.4289999008179	-7.8952642667312
2.4319999217987	-7.8837234485984
2.4349999427795	-7.8720286746693
2.4379999637604	-7.8601804423611
2.4409999847412	-7.8481801791980
2.4440000057220	-7.8360318220893
2.4470000267029	-7.8237386651242
2.4500000476837	-7.8113048342893
2.4530000686646	-7.7987379760625
2.4560000896454	-7.7860420490137
2.4590001106262	-7.7732242148947
2.4619998931885	-7.7602933933680
2.4649999141693	-7.7472568375371
2.4679999351501	-7.7341241210067
2.4709999561310	-7.7209046059861
2.4739999771118	-7.7076082227614
2.4769999980927	-7.6942481168882
2.4800000190735	-7.6808318799081
2.4830000400543	-7.6673728391931
2.4860000610352	-7.6538843984991
2.4890000820160	-7.6403766831970
2.4920001029968	-7.6268645885893
2.4949998855591	-7.6133591199254
2.4979999065399	-7.5998764110361
2.5009999275208	-7.5864282959078
2.5039999485016	-7.5730278962002
2.5069999694824	-7.5596910766484
2.5099999904633	-7.5464306527201
2.5130000114441	-7.5332619998100
2.5160000324249	-7.5201964275115
2.5190000534058	-7.5072509911724
2.5220000743866	-7.4944385578235
2.5250000953674	-7.4817729850650
2.5280001163483	-7.4692682701298
2.5309998989105	-7.4569376598316
2.5339999198914	-7.4447968788174
2.5369999408722	-7.4328562647071
2.5399999618530	-7.4211311983770
2.5429999828339	-7.4096351041707
2.5460000038147	-7.3983770438371
2.5490000247955	-7.3873720157448
2.5520000457764	-7.3766319050199
2.5550000667572	-7.3661685679418
2.5580000877380	-7.3559932539836
2.5610001087189	-7.3461160537447
2.5639998912811	-7.3365477181494
2.5669999122620	-7.3272990791490
2.5699999332428	-7.3183811371740
2.5729999542236	-7.3097996398751
2.5759999752045	-7.3015677452667
2.5789999961853	-7.2936904492580
2.5820000171661	-7.2861784021798
2.5850000381470	-7.2790377503370
2.5880000591278	-7.2722767685290
2.5910000801086	-7.2659016717256
2.5940001010895	-7.2599178550247
2.5969998836517	-7.2543334935661
2.5999999046326	-7.2491512043506
2.6029999256134	-7.2443794055213
2.6059999465942	-7.2400198067999
2.6089999675751	-7.2360763717176
2.6119999885559	-7.2325553258289
2.6150000095367	-7.2294574275795
2.6180000305176	-7.2267863155647
2.6210000514984	-7.2245449370683
2.6240000724792	-7.2227343771026
2.6270000934601	-7.2213580097443
2.6300001144409	-7.2204155677835
2.6329998970032	-7.2199078897183
2.6359999179840	-7.2198363277750
2.6389999389648	-7.2201997610735
2.6419999599457	-7.2209993865134
2.6449999809265	-7.2222344963445
2.6480000019073	-7.2239030662639
2.6510000228882	-7.2260065695337
2.6540000438690	-7.2285409572801
2.6570000648499	-7.2315062496747
2.6600000858307	-7.2348998576908
2.6630001068115	-7.2387191582395
2.6659998893738	-7.2429635668878
2.6689999103546	-7.2476288363826
2.6719999313354	-7.2527140304787
2.6749999523163	-7.2582149932193
2.6779999732971	-7.2641280280748
2.6809999942780	-7.2704524587323
2.6840000152588	-7.2771828869946
2.6870000362396	-7.2843176054942
2.6900000572205	-7.2918521615482
2.6930000782013	-7.2997830482498
2.6960000991821	-7.3081081756035
2.6989998817444	-7.3168225128494
2.7019999027252	-7.3259238633163
2.7049999237061	-7.3354071370847
2.7079999446869	-7.3452710299568
2.7109999656677	-7.3555111679480
2.7139999866486	-7.3661237013312
2.7170000076294	-7.3771063058087
2.7200000286102	-7.3884558766887
2.7230000495911	-7.4001693748912
2.7260000705719	-7.4122436099613
2.7290000915527	-7.4246769458938
2.7320001125336	-7.4374660411258
2.7349998950958	-7.4506091709425
2.7379999160767	-7.4641037525904
2.7409999370575	-7.4779482127148
2.7439999580383	-7.4921412551781
2.7469999790192	-7.5066823305698
2.7500000000000	-7.5215682032904
2.7530000209808	-7.5367996686710
2.7560000419617	-7.5523756188215
2.7590000629425	-7.5682963514266
2.7620000839233	-7.5845614978896
2.7650001049042	-7.6011709601648
2.7679998874664	-7.6181270443214
2.7709999084473	-7.6354288253044
2.7739999294281	-7.6530780722358
2.7769999504089	-7.6710778031534
2.7799999713898	-7.6894276953669
2.7829999923706	-7.7081326314293
2.7860000133514	-7.7271923124637
2.7890000343323	-7.7466126615038
2.7920000553131	-7.7663959625649
2.7950000762939	-7.7865450392663
2.7980000972748	-7.8070636445522
2.8010001182556	-7.8279567451308
2.8039999008179	-7.8492295802121
2.8069999217987	-7.8708869629695
2.8099999427795	-7.8929327055938
2.8129999637604	-7.9153731070600
2.8159999847412	-7.9382145341398
2.8190000057220	-7.9614636564492
2.8220000267029	-7.9851241600151
2.8250000476837	-8.0092063588974
2.8280000686646	-8.0337142134105
2.8310000896454	-8.0586560326409
2.8340001106262	-8.0840395488219
2.8369998931885	-8.1098718047994
2.8399999141693	-8.1361604253156
2.8429999351501	-8.1629134446476
2.8459999561310	-8.1901396308729
2.8489999771118	-8.2178471217022
2.8519999980927	-8.2460432907500
2.8550000190735	-8.2747380040647
2.8580000400543	-8.3039391335816
2.8610000610352	-8.3336570717156
2.8640000820160	-8.3638986180312
2.8670001029968	-8.3946736100257
2.8699998855591	-8.4259898652276
2.8729999065399	-8.4578580794447
2.8759999275208	-8.4902857951047
2.8789999485016	-8.5232821947174
2.8819999694824	-8.5568574977517
2.8849999904633	-8.5910185066680
2.8880000114441	-8.6257731718684
2.8910000324249	-8.6611342581454
2.8940000534058	-8.6971067261132
2.8970000743866	-8.7336988014592
2.9000000953674	-8.7709204498188
2.9030001163483	-8.8087779709832
2.9059998989105	-8.8472811050949
2.9089999198914	-8.8864357430064
2.9119999408722	-8.9262503712558
2.9149999618530	-8.9667300387267
2.9179999828339	-9.0078827679046
2.9210000038147	-9.0497165129623
2.9240000247955	-9.0922350502988
2.9270000457764	-9.1354453160808
2.9300000667572	-9.1793524559545
2.9330000877380	-9.2239611207067
2.9360001087189	-9.2692775539648
2.9389998912811	-9.3153036275495
2.9419999122620	-9.3620453169460
2.9449999332428	-9.4095048190067
2.9479999542236	-9.4576854083948
2.9509999752045	-9.5065889298033
2.9539999961853	-9.5562184523130
2.9570000171661	-9.6065746725392
2.9600000381470	-9.6576572761531
2.9630000591278	-9.7094690524000
2.9660000801086	-9.7620073445808
2.9690001010895	-9.8152724927774
2.9719998836517	-9.8692633265715
2.9749999046326	-9.9239755965145
2.9779999256134	-9.9794102343001
2.9809999465942	-10.035561200842
2.9839999675751	-10.092426912388
2.9869999885559	-10.149999903683
2.9900000095367	-10.208276020914
2.9930000305176	-10.267250844355
2.9960000514984	-10.326916555157
2.9990000724792	-10.387265260609
3.0020000934601	-10.448290699670
3.0050001144409	-10.509982038404
3.0079998970032	-10.572330626180
3.0109999179840	-10.635327123075
3.0139999389648	-10.698961190931
3.0169999599457	-10.763220715159
3.0199999809265	-10.828092814274
3.0230000019073	-10.893564995766
3.0260000228882	-10.959625416731
3.0290000438690	-11.026258696540
3.0320000648499	-11.093448365580
3.0350000858307	-11.161182602485
3.0380001068115	-11.229442652373
3.0409998893738	-11.298212112462
3.0439999103546	-11.367475893816
3.0469999313354	-11.437213239308
3.0499999523163	-11.507407343413
3.0529999732971	-11.578039873178
3.0559999942780	-11.649091906303
3.0590000152588	-11.720539942943
3.0620000362396	-11.792370379335
3.0650000572205	-11.864556211561
3.0680000782013	-11.937080298748
3.0710000991821	-12.009921797041
3.0739998817444	-12.083057798207
3.0769999027252	-12.156468577966
3.0799999237061	-12.230131798680
3.0829999446869	-12.304026014804
3.0859999656677	-12.378129423631
3.0889999866486	-12.452420894852
3.0920000076294	-12.526879137706
3.0950000286102	-12.601482112056
3.0980000495911	-12.676209446259
3.1010000705719	-12.751041114288
3.1040000915527	-12.825957242891
3.1070001125336	-12.900936857500
3.1099998950958	-12.975961588842
3.1129999160767	-13.051012180538
3.1159999370575	-13.126070959939
3.1189999580383	-13.201121354697
3.1219999790192	-13.276145274309
3.1250000000000	-13.351128228823
3.1280000209808	-13.426055554352
3.1310000419617	-13.500913301135
3.1340000629425	-13.575688117628
3.1370000839233	-13.650367782294
3.1400001049042	-13.724942948969
3.1429998874664	-13.799403078953
3.1459999084473	-13.873740088301
3.1489999294281	-13.947946070617
3.1519999504089	-14.022015172175
3.1549999713898	-14.095943064450
3.1579999923706	-14.169724412255
3.1610000133514	-14.243357032967
3.1640000343323	-14.316840742171
3.1670000553131	-14.390173188839
3.1700000762939	-14.463356842219
3.1730000972748	-14.536392559864
3.1760001182556	-14.609282463618
3.1789999008179	-14.682032426080
3.1819999217987	-14.754645799202
3.1849999427795	-14.827127663713
3.1879999637604	-14.899484260249
3.1909999847412	-14.971723922847
3.1940000057220	-15.043852227100
3.1970000267029	-15.115878254125
3.2000000476837	-15.187808975861
3.2030000686646	-15.259653011983
3.2060000896454	-15.331418636612
3.2090001106262	-15.403115717491
3.2119998931885	-15.474748576004
3.2149999141693	-15.546327666850
3.2179999351501	-15.617860212694
3.2209999561310	-15.689349722086
3.2239999771118	-15.760805057623
3.2269999980927	-15.832227917899
3.2300000190735	-15.903622562323
3.2330000400543	-15.974990829300
3.2360000610352	-16.046333250769
3.2390000820160	-16.117646305550
3.2420001029968	-16.188927792616
3.2449998855591	-16.260171914162
3.2479999065399	-16.331368997616
3.2509999275208	-16.402508023937
3.2539999485016	-16.473578404147
3.2569999694824	-16.544561734149
3.2599999904633	-16.615439535241
3.2630000114441	-16.686186578033
3.2660000324249	-16.756779484923
3.2690000534058	-16.827186160063
3.2720000743866	-16.897374478694
3.2750000953674	-16.967307799072
3.2780001163483	-17.036941590191
3.2809998989105	-17.106233687549
3.2839999198914	-17.175133898749
3.2869999408722	-17.243587707013
3.2899999618530	-17.311535118843
3.2929999828339	-17.378918806608
3.2960000038147	-17.445668456230
3.2990000247955	-17.511714882585
3.3020000457764	-17.576984332830
3.3050000667572	-17.641397576933
3.3080000877380	-17.704871721061
3.3110001087189	-17.767321362797
3.3139998912811	-17.828657030057
3.3169999122620	-17.888789953620
3.3199999332428	-17.947621975722
3.3229999542236	-18.005059393964
3.3259999752045	-18.061001628859
3.3289999961853	-18.115352052122
3.3320000171661	-18.168009243894
3.3350000381470	-18.218875343373
3.3380000591278	-18.267849406189
3.3410000801086	-18.314835618073
3.3440001010895	-18.359736851326
3.3469998836517	-18.402464454777
3.3499999046326	-18.442928107337
3.3529999256134	-18.481041738897
3.3559999465942	-18.516728856053
3.3589999675751	-18.549917662325
3.3619999885559	-18.580540923104
3.3650000095367	-18.608539672883
3.3680000305176	-18.633865169945
3.3710000514984	-18.656474761929
3.3740000724792	-18.676337423700
3.3770000934601	-18.693430123170
3.3800001144409	-18.707741026608
3.3829998970032	-18.719268270704
3.3859999179840	-18.728019859142
3.3889999389648	-18.734016675687
3.3919999599457	-18.737286270292
3.3949999809265	-18.737871410837
3.3980000019073	-18.735820884082
3.4010000228882	-18.731197129367
3.4040000438690	-18.724069677255
3.4070000648499	-18.714517332307
3.4100000858307	-18.702628648710
3.4130001068115	-18.688496244196
3.4159998893738	-18.672227764236
3.4189999103546	-18.653927924492
3.4219999313354	-18.633713125053
3.4249999523163	-18.611701441192
3.4279999732971	-18.588017941317
3.4309999942780	-18.562789639836
3.4340000152588	-18.536145690008
3.4370000362396	-18.508217001509
3.4400000572205	-18.479136975453
3.4430000782013	-18.449036167589
3.4460000991821	-18.418048770335
3.4489998817444	-18.386305975583
3.4519999027252	-18.353939303471
3.4549999237061	-18.321075445942
3.4579999446869	-18.287839736714
3.4609999656677	-18.254356476930
3.4639999866486	-18.220744993210
3.4670000076294	-18.187122020378
3.4700000286102	-18.153600392450
3.4730000495911	-18.120287275480
3.4760000705719	-18.087287466659
3.4790000915527	-18.054699696311
3.4820001125336	-18.022621039011
3.4849998950958	-17.991141946771
3.4879999160767	-17.960346913337
3.4909999370575	-17.930319470351
3.4939999580383	-17.901131706555
3.4969999790192	-17.872859054807
3.5000000000000	-17.845564744831
#Parameters = {L=32; Lgnd=10; Lrond=0.7; W=24; eps_inf_G35=4.3361; eps_inf_sc=4; eps_s1_G35=19; eps_s1_sc=26; eps_s2_G35=58.1481; eps_s2_sc=500; h=1.6; h2=3.2; hbase=7; hclad=0.018; hsub=1.575; lbase=1.5; length=100; lg=80; lgap=0.5; lgap1=1; lgap2=0.5; lpin=4.7; lsma=7.6; r=10; r1=4; r2=3; rd=1.3; rpin=0.39; rsma=5.5; tCSF=2; tSpinalCord=8; tau_1_G35=1.24086e-11; tau_1_sc=7.958e-12; tau_2_G35=1.001481e-07; tau_2_sc=106.103; tbone=10; tcoupling=14.4; tfat=8; thickness=0.035; tmuscle=20; tskin=2; wfeed=2.9; wgap=0.5; wgap1=4; wgap2=0.7; wgnd=10.05; width=60; wleg=1.7}
#"Frequency / GHz"	"S1,1 (tcoupling=14.4) [Magnitude / dB]"
#----------------------------------------------------------
0.50000000000000	-0.44920118579553
0.50300002098083	-0.44838213873916
0.50599998235703	-0.44780374061686
0.50900000333786	-0.44746878363602
0.51200002431870	-0.44737683673042
0.51499998569489	-0.44752848068272
0.51800000667572	-0.44792267064889
0.52100002765656	-0.44855725795786
0.52399998903275	-0.44943120580085
0.52700001001358	-0.45054155177232
0.52999997138977	-0.45188348688509
0.53299999237061	-0.45345360379042
0.53600001335144	-0.45524593856119
0.53899997472763	-0.45725507767736
0.54199999570847	-0.45947570720200
0.54500001668930	-0.46190024159117
0.54799997806549	-0.46452128083981
0.55099999904633	-0.46733145242519
0.55400002002716	-0.47032120021456
0.55699998140335	-0.47348311504300
0.56000000238419	-0.47680621784465
0.56300002336502	-0.48028144875122
0.56599998474121	-0.48389978083731
0.56900000572205	-0.48764929792054
0.57200002670288	-0.49152063728381
0.57499998807907	-0.49550206532884
0.57800000905991	-0.49958246285871
0.58099997043610	-0.50375034418247
0.58399999141693	-0.50799473004387
0.58700001239777	-0.51230381139132
0.58999997377396	-0.51666565070338
0.59299999475479	-0.52106802772065
0.59600001573563	-0.52550086191968
0.59899997711182	-0.52995382483354
0.60199999809265	-0.53441127093381
0.60500001907349	-0.53886265726036
0.60799998044968	-0.54330110133151
0.61100000143051	-0.54771013507842
0.61400002241135	-0.55208193498607
0.61699998378754	-0.55640587997224
0.62000000476837	-0.56067081140398
0.62300002574921	-0.56486785543183
0.62599998712540	-0.56898565884407
0.62900000810623	-0.57301772232531
0.63200002908707	-0.57695461579208
0.63499999046326	-0.58078677978318
0.63800001144409	-0.58450765771670
0.64099997282028	-0.58810918553024
0.64399999380112	-0.59158526007123
0.64700001478195	-0.59493301165904
0.64999997615814	-0.59813967218976
0.65299999713898	-0.60120591794237
0.65600001811981	-0.60412617269413
0.65899997949600	-0.60689598134794
0.66200000047684	-0.60951323050098
0.66500002145767	-0.61197293507362
0.66799998283386	-0.61427581452367
0.67100000381470	-0.61642019028687
0.67400002479553	-0.61840282093937
0.67699998617172	-0.62022833105640
0.68000000715256	-0.62189244709173
0.68300002813339	-0.62339946617465
0.68599998950958	-0.62475011191776
0.68900001049042	-0.62594629556213
0.69199997186661	-0.62699010855471
0.69499999284744	-0.62788653186293
0.69800001382828	-0.62864044402411
0.70099997520447	-0.62925592606498
0.70399999618530	-0.62973569662661
0.70700001716614	-0.63008703505729
0.70999997854233	-0.63031392574482
0.71299999952316	-0.63042721584902
0.71600002050400	-0.63042863497942
0.71899998188019	-0.63032634981774
0.72200000286102	-0.63012959382470
0.72500002384186	-0.62984555010505
0.72799998521805	-0.62948012366424
0.73100000619888	-0.62904389130097
0.73400002717972	-0.62854439658819
0.73699998855591	-0.62799006806256
0.74000000953674	-0.62738865688151
0.74299997091293	-0.62675060281096
0.74599999189377	-0.62608469950463
0.74900001287460	-0.62539947107121
0.75199997425079	-0.62470275833192
0.75499999523163	-0.62400553052291
0.75800001621246	-0.62331445137809
0.76099997758865	-0.62264088468741
0.76399999856949	-0.62199126740105
0.76700001955032	-0.62137510889824
0.76999998092651	-0.62080255560026
0.77300000190735	-0.62027791125922
0.77600002288818	-0.61981370395908
0.77899998426437	-0.61941486002505
0.78200000524521	-0.61908914544469
0.78500002622604	-0.61884451538699
0.78799998760223	-0.61868797213472
0.79100000858307	-0.61862724284646
0.79400002956390	-0.61866499574289
0.79699999094009	-0.61881147014241
0.80000001192093	-0.61907040468003
0.80299997329712	-0.61944706706478
0.80599999427795	-0.61994647324828
0.80900001525879	-0.62057370965298
0.81199997663498	-0.62133268977850
0.81499999761581	-0.62222629224841
0.81800001859665	-0.62325738378174
0.82099997997284	-0.62443163574653
0.82400000095367	-0.62574712554162
0.82700002193451	-0.62720996995546
0.82999998331070	-0.62881830461182
0.83300000429153	-0.63057622717891
0.83600002527237	-0.63248202635093
0.83899998664856	-0.63453724586957
0.84200000762939	-0.63674232658587
0.84500002861023	-0.63909468365385
0.84799998998642	-0.64159520982050
0.85100001096725	-0.64424088845592
0.85399997234344	-0.64703103274593
0.85699999332428	-0.64996298629177
0.86000001430511	-0.65303510440343
0.86299997568130	-0.65624273076786
0.86599999666214	-0.65958438179413
0.86900001764297	-0.66305543165734
0.87199997901917	-0.66665222014514
0.87500000000000	-0.67037085045266
0.87800002098083	-0.67420607996808
0.88099998235703	-0.67815470146863
0.88400000333786	-0.68220867749471
0.88700002431870	-0.68636710842443
0.88999998569489	-0.69062066631206
0.89300000667572	-0.69496583191382
0.89600002765656	-0.69939624127822
0.89899998903275	-0.70390665893604
0.90200001001358	-0.70848977280190
0.90499997138977	-0.71314080233902
0.90799999237061	-0.71785161173661
0.91100001335144	-0.72261826932805
0.91399997472763	-0.72743187179051
0.91699999570847	-0.73228908319107
0.92000001668930	-0.73718096860089
0.92299997806549	-0.74210285213039
0.92599999904633	-0.74704763362288
0.92900002002716	-0.75200888996828
0.93199998140335	-0.75698159947321
0.93500000238419	-0.76195880206416
0.93800002336502	-0.76693418486561
0.94099998474121	-0.77190439201112
0.94400000572205	-0.77686116655670
0.94700002670288	-0.78180244400848
0.94999998807907	-0.78672038268632
0.95300000905991	-0.79161033403080
0.95599997043610	-0.79646950628519
0.95899999141693	-0.80129235579845
0.96200001239777	-0.80607484786739
0.96499997377396	-0.81081304737484
0.96799999475479	-0.81550465568154
0.97100001573563	-0.82014609615212
0.97399997711182	-0.82473331394883
0.97699999809265	-0.82926349804002
0.98000001907349	-0.83373845699363
0.98299998044968	-0.83815245904879
0.98600000143051	-0.84250607316079
0.98900002241135	-0.84679731916232
0.99199998378754	-0.85102554370127
0.99500000476837	-0.85519021394980
0.99800002574921	-0.85929191654741
1.0010000467300	-0.86333065712275
1.0039999485016	-0.86730753912757
1.0069999694824	-0.87122415441640
1.0099999904633	-0.87508040984374
1.0130000114441	-0.87887928393183
1.0160000324249	-0.88262159612666
1.0190000534058	-0.88631088348599
1.0219999551773	-0.88995077159398
1.0249999761581	-0.89354204867772
1.0279999971390	-0.89708983725638
1.0310000181198	-0.90059492978868
1.0340000391006	-0.90406573731813
1.0369999408722	-0.90750270934112
1.0399999618530	-0.91091060894351
1.0429999828339	-0.91429593494859
1.0460000038147	-0.91766232362527
1.0490000247955	-0.92101371065943
1.0520000457764	-0.92435624637428
1.0549999475479	-0.92769640541296
1.0579999685287	-0.93103606254837
1.0609999895096	-0.93438338718438
1.0640000104904	-0.93774475233281
1.0670000314713	-0.94112337691706
1.0700000524521	-0.94452624003658
1.0729999542236	-0.94795763900314
1.0759999752045	-0.95142689164916
1.0789999961853	-0.95493443183767
1.0820000171661	-0.95849235810538
1.0850000381470	-0.96210282112153
1.0880000591278	-0.96577065446356
1.0909999608994	-0.96950270492995
1.0939999818802	-0.97330485839899
1.0970000028610	-0.97718167799775
1.1000000238419	-0.98114008721233
1.1030000448227	-0.98518411791902
1.1059999465942	-0.98931846952404
1.1089999675751	-0.99354733705780
1.1119999885559	-0.99787734910190
1.1150000095367	-1.0023136413269
1.1180000305176	-1.0068576520782
1.1210000514984	-1.0115156167391
1.1239999532700	-1.0162904920948
1.1269999742508	-1.0211888966118
1.1299999952316	-1.0262099236581
1.1330000162125	-1.0313590509460
1.1360000371933	-1.0366416451617
1.1390000581741	-1.0420562456131
1.1419999599457	-1.0476091203283
1.1449999809265	-1.0533000275280
1.1480000019073	-1.0591318114669
1.1510000228882	-1.0651074313374
1.1540000438690	-1.0712290949034
1.1569999456406	-1.0774959131193
1.1599999666214	-1.0839104010506
1.1629999876022	-1.0904724827367
1.1660000085831	-1.0971849903545
1.1690000295639	-1.1040462719388
1.1720000505447	-1.1110584470397
1.1749999523163	-1.1182179435052
1.1779999732971	-1.1255311891546
1.1809999942780	-1.1329910932035
1.1840000152588	-1.1406025099210
1.1870000362396	-1.1483597312849
1.1900000572205	-1.1562661505148
1.1929999589920	-1.1643171688778
1.1959999799728	-1.1725156422980
1.1990000009537	-1.1808571045866
1.2020000219345	-1.1893411050323
1.2050000429153	-1.1979678575389
1.2079999446869	-1.2067332960596
1.2109999656677	-1.2156353078404
1.2139999866486	-1.2246760174423
1.2170000076294	-1.2338478929365
1.2200000286102	-1.2431543325266
1.2230000495911	-1.2525903684773
1.2259999513626	-1.2621562466417
1.2289999723434	-1.2718483295823
1.2319999933243	-1.2816669308798
1.2350000143051	-1.2916078647544
1.2380000352859	-1.3016708527979
1.2410000562668	-1.3118534404193
1.2439999580383	-1.3221541853168
1.2469999790192	-1.3325720644051
1.2500000000000	-1.3431067904109
1.2530000209808	-1.3537554474873
1.2560000419617	-1.3645180076298
1.2589999437332	-1.3753922094163
1.2619999647141	-1.3863790989723
1.2649999856949	-1.3974775901647
1.2680000066757	-1.4086856357405
1.2710000276566	-1.4200055418695
1.2740000486374	-1.4314363209008
1.2769999504089	-1.4429776720176
1.2799999713898	-1.4546299848979
1.2829999923706	-1.4663972971770
1.2860000133514	-1.4782756570367
1.2890000343323	-1.4902693353547
1.2920000553131	-1.5023780588957
1.2949999570847	-1.5146052887804
1.2979999780655	-1.5269529158233
1.3009999990463	-1.5394213947631
1.3040000200272	-1.5520160476968
1.3070000410080	-1.5647370327213
1.3099999427795	-1.5775890078216
1.3129999637604	-1.5905746099999
1.3159999847412	-1.6036969110903
1.3190000057220	-1.6169596404121
1.3220000267029	-1.6303683745283
1.3250000476837	-1.6439266068284
1.3279999494553	-1.6576384246496
1.3309999704361	-1.6715088705019
1.3339999914169	-1.6855422736166
1.3370000123978	-1.6997445610678
1.3400000333786	-1.7141211589038
1.3430000543594	-1.7286760770076
1.3459999561310	-1.7434172951533
1.3489999771118	-1.7583480799905
1.3519999980927	-1.7734766177217
1.3550000190735	-1.7888072392443
1.3580000400543	-1.8043469541850
1.3609999418259	-1.8201011458487
1.3639999628067	-1.8360764654453
1.3669999837875	-1.8522800569415
1.3700000047684	-1.8687173553807
1.3730000257492	-1.8853943012609
1.3760000467300	-1.9023183457817
1.3789999485016	-1.9194948645953
1.3819999694824	-1.9369301921145
1.3849999904633	-1.9546310741792
1.3880000114441	-1.9726028976865
1.3910000324249	-1.9908517877723
1.3940000534058	-2.0093844618357
1.3969999551773	-2.0282040213825
1.3999999761581	-2.0473186505571
1.4029999971390	-2.0667316693034
1.4060000181198	-2.0864488356563
1.4090000391006	-2.1064756877151
1.4119999408722	-2.1268156618402
1.4149999618530	-2.1474733267658
1.4179999828339	-2.1684510813489
1.4210000038147	-2.1897549925996
1.4240000247955	-2.2113864846952
1.4270000457764	-2.2333491184046
1.4299999475479	-2.2556441099557
1.4329999685287	-2.2782756989377
1.4359999895096	-2.3012432531524
1.4390000104904	-2.3245490169838
1.4420000314713	-2.3481925876350
1.4450000524521	-2.3721754290447
1.4479999542236	-2.3964964882924
1.4509999752045	-2.4211555218811
1.4539999961853	-2.4461489019018
1.4570000171661	-2.4714780087286
1.4600000381470	-2.4971372978366
1.4630000591278	-2.5231263945706
1.4659999608994	-2.5494389111893
1.4689999818802	-2.5760728195576
1.4720000028610	-2.6030214990454
1.4750000238419	-2.6302810986282
1.4780000448227	-2.6578445244235
1.4809999465942	-2.6857061275815
1.4839999675751	-2.7138563753268
1.4869999885559	-2.7422900166092
1.4900000095367	-2.7709970046848
1.4930000305176	-2.7999683575201
1.4960000514984	-2.8291947727097
1.4989999532700	-2.8586656155155
1.5019999742508	-2.8883693348531
1.5049999952316	-2.9182946804818
1.5080000162125	-2.9484306912853
1.5110000371933	-2.9787635217414
1.5140000581741	-3.0092795810861
1.5169999599457	-3.0399660348407
1.5199999809265	-3.0708088524663
1.5230000019073	-3.1017924259350
1.5260000228882	-3.1329019519783
1.5290000438690	-3.1641215224267
1.5319999456406	-3.1954350225830
1.5349999666214	-3.2268267295451
1.5379999876022	-3.2582794547035
1.5410000085831	-3.2897759473229
1.5440000295639	-3.3213000979829
1.5470000505447	-3.3528336442652
1.5499999523163	-3.3843579220661
1.5529999732971	-3.4158578353331
1.5559999942780	-3.4473127364291
1.5590000152588	-3.4787071805981
1.5620000362396	-3.5100222278864
1.5650000572205	-3.5412409760751
1.5679999589920	-3.5723452347509
1.5709999799728	-3.6033172726802
1.5740000009537	-3.6341415696751
1.5770000219345	-3.6647999493867
1.5800000429153	-3.6952778602795
1.5829999446869	-3.7255588282374
1.5859999656677	-3.7556279972528
1.5889999866486	-3.7854706450721
1.5920000076294	-3.8150714113100
1.5950000286102	-3.8444190897059
1.5980000495911	-3.8735019367805
1.6009999513626	-3.9023050935343
1.6039999723434	-3.9308204854757
1.6069999933243	-3.9590381976990
1.6100000143051	-3.9869485171393
1.6130000352859	-4.0145451442375
1.6160000562668	-4.0418207552477
1.6189999580383	-4.0687694790529
1.6219999790192	-4.0953899937951
1.6250000000000	-4.1216769345153
1.6280000209808	-4.1476294369703
1.6310000419617	-4.1732491469859
1.6339999437332	-4.1985334008157
1.6369999647141	-4.2234888640819
1.6399999856949	-4.2481171375542
1.6430000066757	-4.2724242346936
1.6460000276566	-4.2964180552980
1.6490000486374	-4.3201055449564
1.6519999504089	-4.3434967449807
1.6549999713898	-4.3666025927051
1.6579999923706	-4.3894353352507
1.6610000133514	-4.4120110032235
1.6640000343323	-4.4343426565874
1.6670000553131	-4.4564482632853
1.6699999570847	-4.4783460602387
1.6729999780655	-4.5000544294918
1.6759999990463	-4.5215943734818
1.6790000200272	-4.5429879901562
1.6820000410080	-4.5642576992033
1.6849999427795	-4.5854286971742
1.6879999637604	-4.6065241095457
1.6909999847412	-4.6275723683759
1.6940000057220	-4.6486004480960
1.6970000267029	-4.6696361362732
1.7000000476837	-4.6907070887525
1.7029999494553	-4.7118435029275
1.7059999704361	-4.7330780748078
1.7089999914169	-4.7544395418325
1.7120000123978	-4.7759616407503
1.7150000333786	-4.7976752522855
1.7180000543594	-4.8196138055574
1.7209999561310	-4.8418101188602
1.7239999771118	-4.8642997871261
1.7269999980927	-4.8871142461357
1.7300000190735	-4.9102885817808
1.7330000400543	-4.9338584593235
1.7359999418259	-4.9578560412754
1.7389999628067	-4.9823190303758
1.7419999837875	-5.0072792065062
1.7450000047684	-5.0327748072625
1.7480000257492	-5.0588359452728
1.7510000467300	-5.0854991367348
1.7539999485016	-5.1127994950600
1.7569999694824	-5.1407704317033
1.7599999904633	-5.1694455832549
1.7630000114441	-5.1988580635376
1.7660000324249	-5.2290415212449
1.7690000534058	-5.2600290266476
1.7719999551773	-5.2918509388405
1.7749999761581	-5.3245411899738
1.7779999971390	-5.3581319079624
1.7810000181198	-5.3926500612223
1.7840000391006	-5.4281296158202
1.7869999408722	-5.4645972386621
1.7899999618530	-5.5020837893649
1.7929999828339	-5.5406179277335
1.7960000038147	-5.5802247232677
1.7990000247955	-5.6209335415753
1.8020000457764	-5.6627680598225
1.8049999475479	-5.7057552368770
1.8079999685287	-5.7499177384364
1.8109999895096	-5.7952797958402
1.8140000104904	-5.8418637486641
1.8170000314713	-5.8896912833674
1.8200000524521	-5.9387814290444
1.8229999542236	-5.9891539077642
1.8259999752045	-6.0408271459930
1.8289999961853	-6.0938179612135
1.8320000171661	-6.1481426109538
1.8350000381470	-6.2038126747054
1.8380000591278	-6.2608449560610
1.8409999608994	-6.3192475870862
1.8439999818802	-6.3790311084773
1.8470000028610	-6.4402050938515
1.8500000238419	-6.5027750518348
1.8530000448227	-6.5667467366562
1.8559999465942	-6.6321204855672
1.8589999675751	-6.6989005259626
1.8619999885559	-6.7670826241927
1.8650000095367	-6.8366630694686
1.8680000305176	-6.9076373549050
1.8710000514984	-6.9799973853101
1.8739999532700	-7.0537298226515
1.8769999742508	-7.1288213325201
1.8799999952316	-7.2052545556017
1.8830000162125	-7.2830090354544
1.8860000371933	-7.3620602977517
1.8890000581741	-7.4423815282152
1.8919999599457	-7.5239421270974
1.8949999809265	-7.6067041322941
1.8980000019073	-7.6906288762966
1.9010000228882	-7.7756727307766
1.9040000438690	-7.8617851042138
1.9069999456406	-7.9489122830911
1.9099999666214	-8.0369944160431
1.9129999876022	-8.1259654483681
1.9160000085831	-8.2157558075084
1.9190000295639	-8.3062868106130
1.9220000505447	-8.3974733741034
1.9249999523163	-8.4892268111086
1.9279999732971	-8.5814481643517
1.9309999942780	-8.6740343008807
1.9340000152588	-8.7668700779847
1.9370000362396	-8.8598379020261
1.9400000572205	-8.9528078764243
1.9429999589920	-9.0456457658948
1.9459999799728	-9.1382087199857
1.9490000009537	-9.2303428770008
1.9520000219345	-9.3218906142513
1.9550000429153	-9.4126835377091
1.9579999446869	-9.5025480481145
1.9609999656677	-9.5913017030530
1.9639999866486	-9.6787576500030
1.9670000076294	-9.7647188685440
1.9700000286102	-9.8489878118143
1.9730000495911	-9.9313599596921
1.9759999513626	-10.011624401048
1.9789999723434	-10.089574350349
1.9819999933243	-10.164996804650
1.9850000143051	-10.237679886386
1.9880000352859	-10.307414048173
1.9910000562668	-10.373994152752
1.9939999580383	-10.437216158657
1.9969999790192	-10.496888009879
2.0000000000000	-10.552823655786
2.0030000209808	-10.604845505711
2.0060000419617	-10.652791756010
2.0090000629425	-10.696514268923
2.0120000839233	-10.735879362501
2.0150001049042	-10.770768987478
2.0179998874664	-10.801088785848
2.0209999084473	-10.826759738481
2.0239999294281	-10.847724879972
2.0269999504089	-10.863950269393
2.0299999713898	-10.875420939483
2.0329999923706	-10.882148622816
2.0360000133514	-10.884159997046
2.0390000343323	-10.881509772146
2.0420000553131	-10.874268815502
2.0450000762939	-10.862530221934
2.0480000972748	-10.846405642214
2.0510001182556	-10.826022227889
2.0539999008179	-10.801524374780
2.0569999217987	-10.773068097209
2.0599999427795	-10.740823299916
2.0629999637604	-10.704968981879
2.0659999847412	-10.665693902729
2.0690000057220	-10.623193547588
2.0720000267029	-10.577664934880
2.0750000476837	-10.529311332088
2.0780000686646	-10.478336516911
2.0810000896454	-10.424944352846
2.0840001106262	-10.369337418853
2.0869998931885	-10.311714383394
2.0899999141693	-10.252274646002
2.0929999351501	-10.191203857293
2.0959999561310	-10.128691352317
2.0989999771118	-10.064915009946
2.1019999980927	-10.000049256734
2.1050000190735	-9.9342570733030
2.1080000400543	-9.8676980929208
2.1110000610352	-9.8005225059939
2.1140000820160	-9.7328711610813
2.1170001029968	-9.6648796299038
2.1199998855591	-9.5966708234745
2.1229999065399	-9.5283665896168
2.1259999275208	-9.4600759485994
2.1289999485016	-9.3919004745954
2.1319999694824	-9.3239359772519
2.1349999904633	-9.2562700506222
2.1380000114441	-9.1889846212564
2.1410000324249	-9.1221526794905
2.1440000534058	-9.0558431651630
2.1470000743866	-8.9901166970244
2.1500000953674	-8.9250283822630
2.1530001163483	-8.8606312825492
2.1559998989105	-8.7969652033891
2.1589999198914	-8.7340737099614
2.1619999408722	-8.6719897896437
2.1649999618530	-8.6107448980853
2.1679999828339	-8.5503641345216
2.1710000038147	-8.4908716026238
2.1740000247955	-8.4322828747619
2.1770000457764	-8.3746144214976
2.1800000667572	-8.3178767666883
2.1830000877380	-8.2620807290235
2.1860001087189	-8.2072293530049
2.1889998912811	-8.1533266245320
2.1919999122620	-8.1003739507061
2.1949999332428	-8.0483677408468
2.1979999542236	-7.9973041158537
2.2009999752045	-7.9471787246763
2.2039999961853	-7.8979835387908
2.2070000171661	-7.8497061805824
2.2100000381470	-7.8023391759139
2.2130000591278	-7.7558671473361
2.2160000801086	-7.7102779816913
2.2190001010895	-7.6655566514001
2.2219998836517	-7.6216854204014
2.2249999046326	-7.5786499064932
2.2279999256134	-7.5364296103430
2.2309999465942	-7.4950075508295
2.2339999675751	-7.4543634057808
2.2369999885559	-7.4144779558533
2.2400000095367	-7.3753311336790
2.2430000305176	-7.3368998921813
2.2460000514984	-7.2991652491694
2.2490000724792	-7.2621057217727
2.2520000934601	-7.2256985115729
2.2550001144409	-7.1899239753064
2.2579998970032	-7.1547589669038
2.2609999179840	-7.1201808527858
2.2639999389648	-7.0861696605448
2.2669999599457	-7.0527038533826
2.2699999809265	-7.0197623966444
2.2730000019073	-6.9873218329151
2.2760000228882	-6.9553643187613
2.2790000438690	-6.9238692183063
2.2820000648499	-6.8928151624795
2.2850000858307	-6.8621845393253
2.2880001068115	-6.8319579277054
2.2909998893738	-6.8021152128378
2.2939999103546	-6.7726410909901
2.2969999313354	-6.7435171860075
2.2999999523163	-6.7147281873147
2.3029999732971	-6.6862560022062
2.3059999942780	-6.6580879276705
2.3090000152588	-6.6302079483298
2.3120000362396	-6.6026028801389
2.3150000572205	-6.5752608031265
2.3180000782013	-6.5481680295926
2.3210000991821	-6.5213151780084
2.3239998817444	-6.4946908560986
2.3269999027252	-6.4682852072037
2.3299999237061	-6.4420902598462
2.3329999446869	-6.4160983076360
2.3359999656677	-6.3903014591936
2.3389999866486	-6.3646933240694
2.3420000076294	-6.3392699939210
2.3450000286102	-6.3140254992088
2.3480000495911	-6.2889575143988
2.3510000705719	-6.2640610257518
2.3540000915527	-6.2393346220700
2.3570001125336	-6.2147786968397
2.3599998950958	-6.1903906724134
2.3629999160767	-6.1661705918061
2.3659999370575	-6.1421203605893
2.3689999580383	-6.1182404184267
2.3719999790192	-6.0945340185303
2.3750000000000	-6.0710027028627
2.3780000209808	-6.0476500693678
2.3810000419617	-6.0244809133167
2.3840000629425	-6.0014977950198
2.3870000839233	-5.9787080446220
2.3900001049042	-5.9561151145854
2.3929998874664	-5.9337251737439
2.3959999084473	-5.9115445549324
2.3989999294281	-5.8895801483161
2.4019999504089	-5.8678375850105
2.4049999713898	-5.8463266236500
2.4079999923706	-5.8250515855719
2.4110000133514	-5.8040217789416
2.4140000343323	-5.7832454234764
2.4170000553131	-5.7627280353910
2.4200000762939	-5.7424809622185
2.4230000972748	-5.7225095705858
2.4260001182556	-5.7028234249605
2.4289999008179	-5.6834309435936
2.4319999217987	-5.6643389704821
2.4349999427795	-5.6455563268495
2.4379999637604	-5.6270924701779
2.4409999847412	-5.6089523298667
2.4440000057220	-5.5911465089166
2.4470000267029	-5.5736806780705
2.4500000476837	-5.5565651612806
2.4530000686646	-5.5398034454783
2.4560000896454	-5.5234050112127
2.4590001106262	-5.5073756163960
2.4619998931885	-5.4917221470879
2.4649999141693	-5.4764497836370
2.4679999351501	-5.4615668656015
2.4709999561310	-5.4470771556874
2.4739999771118	-5.4329857248427
2.4769999980927	-5.4192989371851
2.4800000190735	-5.4060216053978
2.4830000400543	-5.3931541127894
2.4860000610352	-5.3807059523307
2.4890000820160	-5.3686764631429
2.4920001029968	-5.3570693132028
2.4949998855591	-5.3458896128697
2.4979999065399	-5.3351362677034
2.5009999275208	-5.3248134994427
2.5039999485016	-5.3149212793677
2.5069999694824	-5.3054610841844
2.5099999904633	-5.2964339921232
2.5130000114441	-5.2878397355016
2.5160000324249	-5.2796786108332
2.5190000534058	-5.2719495823176
2.5220000743866	-5.2646522066420
2.5250000953674	-5.2577846622597
2.5280001163483	-5.2513447944077
2.5309998989105	-5.2453309465141
2.5339999198914	-5.2397411178384
2.5369999408722	-5.2345728685565
2.5399999618530	-5.2298204863270
2.5429999828339	-5.2254826162681
2.5460000038147	-5.2215554674659
2.5490000247955	-5.2180339289645
2.5520000457764	-5.2149142195382
2.5550000667572	-5.2121912072987
2.5580000877380	-5.2098600598164
2.5610001087189	-5.2079144837524
2.5639998912811	-5.2063514587280
2.5669999122620	-5.2051626004565
2.5699999332428	-5.2043436120572
2.5729999542236	-5.2038886257610
2.5759999752045	-5.2037892495458
2.5789999961853	-5.2040399351998
2.5820000171661	-5.2046358419828
2.5850000381470	-5.2055690363909
2.5880000591278	-5.2068318531587
2.5910000801086	-5.2084197386533
2.5940001010895	-5.2103223580439
2.5969998836517	-5.2125355611419
2.5999999046326	-5.2150519486059
2.6029999256134	-5.2178643550307
2.6059999465942	-5.2209656306154
2.6089999675751	-5.2243477221990
2.6119999885559	-5.2280064335461
2.6150000095367	-5.2319334767606
2.6180000305176	-5.2361213653768
2.6210000514984	-5.2405660676138
2.6240000724792	-5.2452589925732
2.6270000934601	-5.2501953527283
2.6300001144409	-5.2553674540931
2.6329998970032	-5.2607714699915
2.6359999179840	-5.2664002878959
2.6389999389648	-5.2722490608436
2.6419999599457	-5.2783133570584
2.6449999809265	-5.2845867183357
2.6480000019073	-5.2910659432102
2.6510000228882	-5.2977462562473
2.6540000438690	-5.3046215825663
2.6570000648499	-5.3116919839223
2.6600000858307	-5.3189511141618
2.6630001068115	-5.3263968716488
2.6659998893738	-5.3340258441914
2.6689999103546	-5.3418369124168
2.6719999313354	-5.3498268991346
2.6749999523163	-5.3579936711930
2.6779999732971	-5.3663387857269
2.6809999942780	-5.3748561858488
2.6840000152588	-5.3835495784532
2.6870000362396	-5.3924162810738
2.6900000572205	-5.4014569954685
2.6930000782013	-5.4106713230659
2.6960000991821	-5.4200612955655
2.6989998817444	-5.4296283603548
2.7019999027252	-5.4393721128283
2.7049999237061	-5.4492945861544
2.7079999446869	-5.4593985299385
2.7109999656677	-5.4696866486571
2.7139999866486	-5.4801605613942
2.7170000076294	-5.4908248949682
2.7200000286102	-5.5016808573056
2.7230000495911	-5.5127336855223
2.7260000705719	-5.5239859566880
2.7290000915527	-5.5354427296307
2.7320001125336	-5.5471054108685
2.7349998950958	-5.5589832446274
2.7379999160767	-5.5710774206067
2.7409999370575	-5.5833942026948
2.7439999580383	-5.5959374903618
2.7469999790192	-5.6087117218113
2.7500000000000	-5.6217253872334
2.7530000209808	-5.6349820189251
2.7560000419617	-5.6484862072738
2.7590000629425	-5.6622448124916
2.7620000839233	-5.6762634386455
2.7650001049042	-5.6905460819715
2.7679998874664	-5.7051011870150
2.7709999084473	-5.7199328419808
2.7739999294281	-5.7350464074909
2.7769999504089	-5.7504485749470
2.7799999713898	-5.7661417061934
2.7829999923706	-5.7821359140365
2.7860000133514	-5.7984352199975
2.7890000343323	-5.8150429190877
2.7920000553131	-5.8319661295600
2.7950000762939	-5.8492106309460
2.7980000972748	-5.8667779536376
2.8010001182556	-5.8846773713909
2.8039999008179	-5.9029093707359
2.8069999217987	-5.9214819393152
2.8099999427795	-5.9403962963267
2.8129999637604	-5.9596566795318
2.8159999847412	-5.9792697175488
2.8190000057220	-5.9992346802955
2.8220000267029	-6.0195594849563
2.8250000476837	-6.0402427962547
2.8280000686646	-6.0612902785919
2.8310000896454	-6.0827025676356
2.8340001106262	-6.1044829525730
2.8369998931885	-6.1266334725025
2.8399999141693	-6.1491560541463
2.8429999351501	-6.1720502152756
2.8459999561310	-6.1953179287590
2.8489999771118	-6.2189600280206
2.8519999980927	-6.2429777277096
2.8550000190735	-6.2673688165661
2.8580000400543	-6.2921357637808
2.8610000610352	-6.3172778251913
2.8640000820160	-6.3427929578287
2.8670001029968	-6.3686805077327
2.8699998855591	-6.3949396354794
2.8729999065399	-6.4215682605139
2.8759999275208	-6.4485653808215
2.8789999485016	-6.4759273348103
2.8819999694824	-6.5036524684492
2.8849999904633	-6.5317400401164
2.8880000114441	-6.5601842915397
2.8910000324249	-6.5889841434081
2.8940000534058	-6.6181356978537
2.8970000743866	-6.6476365253049
2.9000000953674	-6.6774808521932
2.9030001163483	-6.7076655239444
2.9059998989105	-6.7381886523102
2.9089999198914	-6.7690439757146
2.9119999408722	-6.8002280324784
2.9149999618530	-6.8317373476594
2.9179999828339	-6.8635667655043
2.9210000038147	-6.8957111269577
2.9240000247955	-6.9281667087578
2.9270000457764	-6.9609302161078
2.9300000667572	-6.9939961468211
2.9330000877380	-7.0273599843886
2.9360001087189	-7.0610168454101
2.9389998912811	-7.0949641041093
2.9419999122620	-7.1291959191148
2.9449999332428	-7.1637092599218
2.9479999542236	-7.1984997847291
2.9509999752045	-7.2335641923464
2.9539999961853	-7.2688966680178
2.9570000171661	-7.3044958771995
2.9600000381470	-7.3403573951257
2.9630000591278	-7.3764791912938
2.9660000801086	-7.4128579788284
2.9690001010895	-7.4494922367531
2.9719998836517	-7.4863775610622
2.9749999046326	-7.5235133890057
2.9779999256134	-7.5608988186636
2.9809999465942	-7.5985307276357
2.9839999675751	-7.6364094120899
2.9869999885559	-7.6745350497861
2.9900000095367	-7.7129061285385
2.9930000305176	-7.7515228966369
2.9960000514984	-7.7903866581224
2.9990000724792	-7.8294991361407
3.0020000934601	-7.8688591985680
3.0050001144409	-7.9084713732562
3.0079998970032	-7.9483369705398
3.0109999179840	-7.9884578085560
3.0139999389648	-8.0288389309253
3.0169999599457	-8.0694824127259
3.0199999809265	-8.1103915643997
3.0230000019073	-8.1515730294512
3.0260000228882	-8.1930294941284
3.0290000438690	-8.2347679225497
3.0320000648499	-8.2767933037483
3.0350000858307	-8.3191105742734
3.0380001068115	-8.3617279620168
3.0409998893738	-8.4046516727470
3.0439999103546	-8.4478868108159
3.0469999313354	-8.4914437649853
3.0499999523163	-8.5353291806113
3.0529999732971	-8.5795493855931
3.0559999942780	-8.6241149370651
3.0590000152588	-8.6690337649941
3.0620000362396	-8.7143143299347
3.0650000572205	-8.7599653964058
3.0680000782013	-8.8059973098337
3.0710000991821	-8.8524196503543
3.0739998817444	-8.8992396946121
3.0769999027252	-8.9464687824684
3.0799999237061	-8.9941158053660
3.0829999446869	-9.0421914646990
3.0859999656677	-9.0907052292559
3.0889999866486	-9.1396644397902
3.0920000076294	-9.1890822898315
3.0950000286102	-9.2389652228217
3.0980000495911	-9.2893233010111
3.1010000705719	-9.3401674703526
3.1040000915527	-9.3915047383080
3.1070001125336	-9.4433458876963
3.1099998950958	-9.4956971953783
3.1129999160767	-9.5485691884741
3.1159999370575	-9.6019677817149
3.1189999580383	-9.6559010831322
3.1219999790192	-9.7103776609158
3.1250000000000	-9.7654037040191
3.1280000209808	-9.8209842706029
3.1310000419617	-9.8771251621433
3.1340000629425	-9.9338338572166
3.1370000839233	-9.9911132018578
3.1400001049042	-10.048968056585
3.1429998874664	-10.107400180503
3.1459999084473	-10.166415084608
3.1489999294281	-10.226014406963
3.1519999504089	-10.286198992965
3.1549999713898	-10.346968431223
3.1579999923706	-10.408325384038
3.1610000133514	-10.470266740632
3.1640000343323	-10.532791916233
3.1670000553131	-10.595898550617
3.1700000762939	-10.659584016877
3.1730000972748	-10.723843795123
3.1760001182556	-10.788673160781
3.1789999008179	-10.854066029480
3.1819999217987	-10.920015939242
3.1849999427795	-10.986515021965
3.1879999637604	-11.053555920233
3.1909999847412	-11.121127704601
3.1940000057220	-11.189221446445
3.1970000267029	-11.257825082549
3.2000000476837	-11.326927931494
3.2030000686646	-11.396516933027
3.2060000896454	-11.466576334107
3.2090001106262	-11.537095334736
3.2119998931885	-11.608055768991
3.2149999141693	-11.679443681009
3.2179999351501	-11.751239684984
3.2209999561310	-11.823428707963
3.2239999771118	-11.895989767530
3.2269999980927	-11.968908027212
3.2300000190735	-12.042160757486
3.2330000400543	-12.115730738660
3.2360000610352	-12.189594892285
3.2390000820160	-12.263734675281
3.2420001029968	-12.338127812696
3.2449998855591	-12.412754123382
3.2479999065399	-12.487591582574
3.2509999275208	-12.562618722937
3.2539999485016	-12.637813293088
3.2569999694824	-12.713155869200
3.2599999904633	-12.788622910482
3.2630000114441	-12.864195535227
3.2660000324249	-12.939852055919
3.2690000534058	-13.015571701492
3.2720000743866	-13.091337699630
3.2750000953674	-13.167127839540
3.2780001163483	-13.242926590536
3.2809998989105	-13.318715154786
3.2839999198914	-13.394480321780
3.2869999408722	-13.470203197534
3.2899999618530	-13.545872073980
3.2929999828339	-13.621474336012
3.2960000038147	-13.696998820649
3.2990000247955	-13.772437016584
3.3020000457764	-13.847778871358
3.3050000667572	-13.923018423575
3.3080000877380	-13.998151631602
3.3110001087189	-14.073176069560
3.3139998912811	-14.148088294344
3.3169999122620	-14.222892013690
3.3199999332428	-14.297586600465
3.3229999542236	-14.372180432420
3.3259999752045	-14.446675635567
3.3289999961853	-14.521085448286
3.3320000171661	-14.595416799919
3.3350000381470	-14.669682973092
3.3380000591278	-14.743896074927
3.3410000801086	-14.818075375612
3.3440001010895	-14.892237512343
3.3469998836517	-14.966401137006
3.3499999046326	-15.040587106381
3.3529999256134	-15.114820153730
3.3559999465942	-15.189120884669
3.3589999675751	-15.263516334829
3.3619999885559	-15.338030670960
3.3650000095367	-15.412695458871
3.3680000305176	-15.487536741912
3.3710000514984	-15.562582054608
3.3740000724792	-15.637863943931
3.3770000934601	-15.713407307046
3.3800001144409	-15.789247386974
3.3829998970032	-15.865410667846
3.3859999179840	-15.941927920509
3.3889999389648	-16.018827461207
3.3919999599457	-16.096138908052
3.3949999809265	-16.173888211807
3.3980000019073	-16.252101049597
3.4010000228882	-16.330803546393
3.4040000438690	-16.410017520016
3.4070000648499	-16.489765081586
3.4100000858307	-16.570063616238
3.4130001068115	-16.650928874001
3.4159998893738	-16.732375281964
3.4189999103546	-16.814413827030
3.4219999313354	-16.897046493896
3.4249999523163	-16.980280601609
3.4279999732971	-17.064113372514
3.4309999942780	-17.148536761541
3.4340000152588	-17.233543424632
3.4370000362396	-17.319116955088
3.4400000572205	-17.405233727283
3.4430000782013	-17.491871608578
3.4460000991821	-17.578993163168
3.4489998817444	-17.666560169879
3.4519999027252	-17.754529144998
3.4549999237061	-17.842844092510
3.4579999446869	-17.931447320596
3.4609999656677	-18.020267545122
3.4639999866486	-18.109232576612
3.4670000076294	-18.198255176192
3.4700000286102	-18.287245955866
3.4730000495911	-18.376103732412
3.4760000705719	-18.464720071092
3.4790000915527	-18.552976630183
3.4820001125336	-18.640747410648
3.4849998950958	-18.727901050333
3.4879999160767	-18.814293602767
3.4909999370575	-18.899777504300
3.4939999580383	-18.984193720405
3.4969999790192	-19.067381307372
3.5000000000000	-19.149170787521
#Parameters = {L=32; Lgnd=10; Lrond=0.7; W=24; eps_inf_G35=4.3361; eps_inf_sc=4; eps_s1_G35=19; eps_s1_sc=26; eps_s2_G35=58.1481; eps_s2_sc=500; h=1.6; h2=3.2; hbase=7; hclad=0.018; hsub=1.575; lbase=1.5; length=100; lg=80; lgap=0.5; lgap1=1; lgap2=0.5; lpin=4.7; lsma=7.6; r=10; r1=4; r2=3; rd=1.3; rpin=0.39; rsma=5.5; tCSF=2; tSpinalCord=8; tau_1_G35=1.24086e-11; tau_1_sc=7.958e-12; tau_2_G35=1.001481e-07; tau_2_sc=106.103; tbone=10; tcoupling=19.6; tfat=8; thickness=0.035; tmuscle=20; tskin=2; wfeed=2.9; wgap=0.5; wgap1=4; wgap2=0.7; wgnd=10.05; width=60; wleg=1.7}
#"Frequency / GHz"	"S1,1 (tcoupling=19.6) [Magnitude / dB]"
#----------------------------------------------------------
0.50000000000000	-0.53536729836575
0.50300002098083	-0.54217049583163
0.50599998235703	-0.54870938777679
0.50900000333786	-0.55497175239421
0.51200002431870	-0.56094316986341
0.51499998569489	-0.56661285562864
0.51800000667572	-0.57197011034815
0.52100002765656	-0.57700400625213
0.52399998903275	-0.58170725492872
0.52700001001358	-0.58607158496684
0.52999997138977	-0.59009121234951
0.53299999237061	-0.59376083254425
0.53600001335144	-0.59707721188901
0.53899997472763	-0.60003705515829
0.54199999570847	-0.60263962185392
0.54500001668930	-0.60488473098744
0.54799997806549	-0.60677273642035
0.55099999904633	-0.60830541757982
0.55400002002716	-0.60948649403075
0.55699998140335	-0.61031979470686
0.56000000238419	-0.61081180344683
0.56300002336502	-0.61096752084676
0.56599998474121	-0.61079540932682
0.56900000572205	-0.61030285714333
0.57200002670288	-0.60950037873931
0.57499998807907	-0.60839698990899
0.57800000905991	-0.60700485540735
0.58099997043610	-0.60533526372622
0.58399999141693	-0.60340029311363
0.58700001239777	-0.60121409341315
0.58999997377396	-0.59878989780485
0.59299999475479	-0.59614178367711
0.59600001573563	-0.59328544985745
0.59899997711182	-0.59023467733534
0.60199999809265	-0.58700853813062
0.60500001907349	-0.58361887665545
0.60799998044968	-0.58008411370009
0.61100000143051	-0.57642234590949
0.61400002241135	-0.57264640174509
0.61699998378754	-0.56877642541843
0.62000000476837	-0.56482852075346
0.62300002574921	-0.56081738595442
0.62599998712540	-0.55676186654383
0.62900000810623	-0.55267961581581
0.63200002908707	-0.54858443761021
0.63499999046326	-0.54449290594054
0.63800001144409	-0.54042223777134
0.64099997282028	-0.53638799915316
0.64399999380112	-0.53240438757103
0.64700001478195	-0.52848635258691
0.64999997615814	-0.52465066611744
0.65299999713898	-0.52090890987335
0.65600001811981	-0.51727514249150
0.65899997949600	-0.51376272939997
0.66200000047684	-0.51038634773559
0.66500002145767	-0.50715420866130
0.66799998283386	-0.50407830012059
0.67100000381470	-0.50117100485666
0.67400002479553	-0.49844164228164
0.67699998617172	-0.49590019474451
0.68000000715256	-0.49355486916273
0.68300002813339	-0.49141183669240
0.68599998950958	-0.48948088712558
0.68900001049042	-0.48776824606040
0.69199997186661	-0.48627875247474
0.69499999284744	-0.48502009196470
0.69800001382828	-0.48399345097498
0.70099997520447	-0.48320377480083
0.70399999618530	-0.48265682065651
0.70700001716614	-0.48235068610000
0.70999997854233	-0.48228817403666
0.71299999952316	-0.48247119789145
0.71600002050400	-0.48290000719240
0.71899998188019	-0.48357337117243
0.72200000286102	-0.48449039553701
0.72500002384186	-0.48564922186914
0.72799998521805	-0.48704759575555
0.73100000619888	-0.48868130327553
0.73400002717972	-0.49054805016518
0.73699998855591	-0.49264181795087
0.74000000953674	-0.49495763053598
0.74299997091293	-0.49749195465859
0.74599999189377	-0.50023712079051
0.74900001287460	-0.50318577141681
0.75199997425079	-0.50633213120602
0.75499999523163	-0.50966754171230
0.75800001621246	-0.51318494680889
0.76099997758865	-0.51687550841406
0.76399999856949	-0.52073032217516
0.76700001955032	-0.52473912326659
0.76999998092651	-0.52889203300078
0.77300000190735	-0.53318122182024
0.77600002288818	-0.53759429534000
0.77899998426437	-0.54212184232725
0.78200000524521	-0.54675390062769
0.78500002622604	-0.55147800458119
0.78799998760223	-0.55628279420284
0.79100000858307	-0.56115829187743
0.79400002956390	-0.56609370955681
0.79699999094009	-0.57107639812296
0.80000001192093	-0.57609598304608
0.80299997329712	-0.58114082533225
0.80599999427795	-0.58619981634765
0.80900001525879	-0.59126190909605
0.81199997663498	-0.59631523311822
0.81499999761581	-0.60134948942894
0.81800001859665	-0.60635503254222
0.82099997997284	-0.61131949763687
0.82400000095367	-0.61623478327125
0.82700002193451	-0.62109016067321
0.82999998331070	-0.62587478014012
0.83300000429153	-0.63058047102428
0.83600002527237	-0.63520001542991
0.83899998664856	-0.63972248455727
0.84200000762939	-0.64414069703518
0.84500002861023	-0.64844763977241
0.84799998998642	-0.65263591363539
0.85100001096725	-0.65669828461894
0.85399997234344	-0.66063032866768
0.85699999332428	-0.66442475770217
0.86000001430511	-0.66807712768640
0.86299997568130	-0.67158314798883
0.86599999666214	-0.67494043822462
0.86900001764297	-0.67814450808155
0.87199997901917	-0.68119105510791
0.87500000000000	-0.68408039616045
0.87800002098083	-0.68681190038338
0.88099998235703	-0.68938110038910
0.88400000333786	-0.69179035473818
0.88700002431870	-0.69404015026440
0.88999998569489	-0.69612996203109
0.89300000667572	-0.69806265723068
0.89600002765656	-0.69983879554250
0.89899998903275	-0.70146269698289
0.90200001001358	-0.70293796429266
0.90499997138977	-0.70426611951290
0.90799999237061	-0.70545230963777
0.91100001335144	-0.70650270123294
0.91399997472763	-0.70742095565230
0.91699999570847	-0.70821244724568
0.92000001668930	-0.70888534253507
0.92299997806549	-0.70944475483611
0.92599999904633	-0.70989848274983
0.92900002002716	-0.71025231284506
0.93199998140335	-0.71051440905624
0.93500000238419	-0.71069419020635
0.93800002336502	-0.71079838005936
0.94099998474121	-0.71083614002852
0.94400000572205	-0.71081575028443
0.94700002670288	-0.71074584932961
0.94999998807907	-0.71063591765875
0.95300000905991	-0.71049453678344
0.95599997043610	-0.71033235950027
0.95899999141693	-0.71015702426095
0.96200001239777	-0.70997963043871
0.96499997377396	-0.70980663964413
0.96799999475479	-0.70965030574311
0.97100001573563	-0.70951865047381
0.97399997711182	-0.70942198002068
0.97699999809265	-0.70936760310840
0.98000001907349	-0.70936612121618
0.98299998044968	-0.70942434656745
0.98600000143051	-0.70955214303541
0.98900002241135	-0.70975909068446
0.99199998378754	-0.71005095197031
0.99500000476837	-0.71043753509270
0.99800002574921	-0.71092615045431
1.0010000467300	-0.71152423768581
1.0039999485016	-0.71223779915887
1.0069999694824	-0.71307439436922
1.0099999904633	-0.71404130130916
1.0130000114441	-0.71514209823066
1.0160000324249	-0.71638470206151
1.0190000534058	-0.71777336501621
1.0219999551773	-0.71931248015910
1.0249999761581	-0.72100842595209
1.0279999971390	-0.72286394745046
1.0310000181198	-0.72488208984403
1.0340000391006	-0.72706685812773
1.0369999408722	-0.72942131057395
1.0399999618530	-0.73194940590328
1.0429999828339	-0.73464826184286
1.0460000038147	-0.73752356569507
1.0490000247955	-0.74057404190205
1.0520000457764	-0.74380211066993
1.0549999475479	-0.74720643404343
1.0579999685287	-0.75078711164246
1.0609999895096	-0.75454269077218
1.0640000104904	-0.75847460904350
1.0670000314713	-0.76257956222242
1.0700000524521	-0.76685526869921
1.0729999542236	-0.77130038207725
1.0759999752045	-0.77591102158502
1.0789999961853	-0.78068525913937
1.0820000171661	-0.78561900799235
1.0850000381470	-0.79070877986592
1.0880000591278	-0.79594965526997
1.0909999608994	-0.80133724220965
1.0939999818802	-0.80687049710297
1.0970000028610	-0.81253861953104
1.1000000238419	-0.81833956733713
1.1030000448227	-0.82426804630113
1.1059999465942	-0.83031734850707
1.1089999675751	-0.83648325609682
1.1119999885559	-0.84275647444226
1.1150000095367	-0.84913465731962
1.1180000305176	-0.85560710132136
1.1210000514984	-0.86217173377245
1.1239999532700	-0.86881999582288
1.1269999742508	-0.87554483813713
1.1299999952316	-0.88233905627378
1.1330000162125	-0.88919866210274
1.1360000371933	-0.89611499122430
1.1390000581741	-0.90308149493572
1.1419999599457	-0.91009197246042
1.1449999809265	-0.91713942591286
1.1480000019073	-0.92421988728564
1.1510000228882	-0.93132339564164
1.1540000438690	-0.93844765772955
1.1569999456406	-0.94558505177126
1.1599999666214	-0.95272832779649
1.1629999876022	-0.95987624927298
1.1660000085831	-0.96701955025410
1.1690000295639	-0.97415709806039
1.1720000505447	-0.98128026043025
1.1749999523163	-0.98838841590370
1.1779999732971	-0.99547749912013
1.1809999942780	-1.0025411030359
1.1840000152588	-1.0095783665650
1.1870000362396	-1.0165859113349
1.1900000572205	-1.0235615701404
1.1929999589920	-1.0305036386553
1.1959999799728	-1.0374095341381
1.1990000009537	-1.0442800791008
1.2020000219345	-1.0511139775109
1.2050000429153	-1.0579093188230
1.2079999446869	-1.0646686673979
1.2109999656677	-1.0713940064952
1.2139999866486	-1.0780817660793
1.2170000076294	-1.0847377623726
1.2200000286102	-1.0913648762485
1.2230000495911	-1.0979626676141
1.2259999513626	-1.1045343621168
1.2289999723434	-1.1110867237083
1.2319999933243	-1.1176215888459
1.2350000143051	-1.1241443279413
1.2380000352859	-1.1306585252363
1.2410000562668	-1.1371718515442
1.2439999580383	-1.1436882782728
1.2469999790192	-1.1502165775520
1.2500000000000	-1.1567595398664
1.2530000209808	-1.1633256799973
1.2560000419617	-1.1699250104013
1.2589999437332	-1.1765614300753
1.2619999647141	-1.1832459304501
1.2649999856949	-1.1899846162180
1.2680000066757	-1.1967880771378
1.2710000276566	-1.2036637517702
1.2740000486374	-1.2106197485596
1.2769999504089	-1.2176700777726
1.2799999713898	-1.2248189257867
1.2829999923706	-1.2320785240934
1.2860000133514	-1.2394583578019
1.2890000343323	-1.2469685701160
1.2920000553131	-1.2546190510003
1.2949999570847	-1.2624193071675
1.2979999780655	-1.2703804720349
1.3009999990463	-1.2785127898017
1.3040000200272	-1.2868245194462
1.3070000410080	-1.2953289704797
1.3099999427795	-1.3040335496256
1.3129999637604	-1.3129510933281
1.3159999847412	-1.3220872446832
1.3190000057220	-1.3314541823083
1.3220000267029	-1.3410635039765
1.3250000476837	-1.3509207255165
1.3279999494553	-1.3610384653882
1.3309999704361	-1.3714235224490
1.3339999914169	-1.3820850670082
1.3370000123978	-1.3930332173807
1.3400000333786	-1.4042735298379
1.3430000543594	-1.4158159400338
1.3459999561310	-1.4276671459173
1.3489999771118	-1.4398341220359
1.3519999980927	-1.4523251153829
1.3550000190735	-1.4651446150868
1.3580000400543	-1.4783003638449
1.3609999418259	-1.4917974338905
1.3639999628067	-1.5056396852336
1.3669999837875	-1.5198350777759
1.3700000047684	-1.5343855741532
1.3730000257492	-1.5492955490526
1.3760000467300	-1.5645682769644
1.3789999485016	-1.5802063325082
1.3819999694824	-1.5962125074052
1.3849999904633	-1.6125896387321
1.3880000114441	-1.6293385079812
1.3910000324249	-1.6464578198996
1.3940000534058	-1.6639518128509
1.3969999551773	-1.6818169380437
1.3999999761581	-1.7000538205771
1.4029999971390	-1.7186616300444
1.4060000181198	-1.7376377088114
1.4090000391006	-1.7569786796377
1.4119999408722	-1.7766836881118
1.4149999618530	-1.7967472753015
1.4179999828339	-1.8171672134274
1.4210000038147	-1.8379389534621
1.4240000247955	-1.8590555518787
1.4270000457764	-1.8805121470628
1.4299999475479	-1.9023035740748
1.4329999685287	-1.9244223143075
1.4359999895096	-1.9468618647992
1.4390000104904	-1.9696133226396
1.4420000314713	-1.9926695233689
1.4450000524521	-2.0160222500431
1.4479999542236	-2.0396619816761
1.4509999752045	-2.0635799384173
1.4539999961853	-2.0877641737848
1.4570000171661	-2.1122076386303
1.4600000381470	-2.1368984198470
1.4630000591278	-2.1618238432289
1.4659999608994	-2.1869759128710
1.4689999818802	-2.2123397017621
1.4720000028610	-2.2379069965922
1.4750000238419	-2.2636634752350
1.4780000448227	-2.2895967212426
1.4809999465942	-2.3156952915410
1.4839999675751	-2.3419472977878
1.4869999885559	-2.3683406768223
1.4900000095367	-2.3948592319199
1.4930000305176	-2.4214936274457
1.4960000514984	-2.4482313556210
1.4989999532700	-2.4750572203787
1.5019999742508	-2.5019617942456
1.5049999952316	-2.5289312663917
1.5080000162125	-2.5559531378310
1.5110000371933	-2.5830153964783
1.5140000581741	-2.6101074976950
1.5169999599457	-2.6372166824708
1.5199999809265	-2.6643330104092
1.5230000019073	-2.6914471794122
1.5260000228882	-2.7185454238590
1.5290000438690	-2.7456221990186
1.5319999456406	-2.7726662122501
1.5349999666214	-2.7996676319228
1.5379999876022	-2.8266207976135
1.5410000085831	-2.8535188061252
1.5440000295639	-2.8803540045701
1.5470000505447	-2.9071198478087
1.5499999523163	-2.9338122789772
1.5529999732971	-2.9604270518602
1.5559999942780	-2.9869605659987
1.5590000152588	-3.0134108611533
1.5620000362396	-3.0397756592544
1.5650000572205	-3.0660540782016
1.5679999589920	-3.0922465279558
1.5709999799728	-3.1183554879190
1.5740000009537	-3.1443819680617
1.5770000219345	-3.1703291405129
1.5800000429153	-3.1962011108997
1.5829999446869	-3.2220054841996
1.5859999656677	-3.2477453116992
1.5889999866486	-3.2734314635963
1.5920000076294	-3.2990689207503
1.5950000286102	-3.3246708059072
1.5980000495911	-3.3502440031933
1.6009999513626	-3.3758025013845
1.6039999723434	-3.4013579814555
1.6069999933243	-3.4269248341572
1.6100000143051	-3.4525169957541
1.6130000352859	-3.4781507541804
1.6160000562668	-3.5038420205398
1.6189999580383	-3.5296091211709
1.6219999790192	-3.5554704471288
1.6250000000000	-3.5814434016445
1.6280000209808	-3.6075511938467
1.6310000419617	-3.6338131471517
1.6339999437332	-3.6602513869295
1.6369999647141	-3.6868878406512
1.6399999856949	-3.7137466928909
1.6430000066757	-3.7408525384101
1.6460000276566	-3.7682287394863
1.6490000486374	-3.7959019882144
1.6519999504089	-3.8238963367588
1.6549999713898	-3.8522390844462
1.6579999923706	-3.8809581696864
1.6610000133514	-3.9100795321703
1.6640000343323	-3.9396323601466
1.6670000553131	-3.9696432944297
1.6699999570847	-4.0001417012027
1.6729999780655	-4.0311561613633
1.6759999990463	-4.0627167783020
1.6790000200272	-4.0948513865934
1.6820000410080	-4.1275909651780
1.6849999427795	-4.1609640650370
1.6879999637604	-4.1950011242170
1.6909999847412	-4.2297317585992
1.6940000057220	-4.2651865720464
1.6970000267029	-4.3013953691657
1.7000000476837	-4.3383864413371
1.7029999494553	-4.3761920372477
1.7059999704361	-4.4148400376128
1.7089999914169	-4.4543618902857
1.7120000123978	-4.4947862002246
1.7150000333786	-4.5361427374144
1.7180000543594	-4.5784596889465
1.7209999561310	-4.6217680388712
1.7239999771118	-4.6660943585374
1.7269999980927	-4.7114693373827
1.7300000190735	-4.7579171517253
1.7330000400543	-4.8054688093496
1.7359999418259	-4.8541523397675
1.7389999628067	-4.9039912765966
1.7419999837875	-4.9550148578867
1.7450000047684	-5.0072481273283
1.7480000257492	-5.0607151014012
1.7510000467300	-5.1154415967131
1.7539999485016	-5.1714523296105
1.7569999694824	-5.2287704984141
1.7599999904633	-5.2874199717299
1.7630000114441	-5.3474215983505
1.7660000324249	-5.4087959784761
1.7690000534058	-5.4715644186828
1.7719999551773	-5.5357463168754
1.7749999761581	-5.6013608836443
1.7779999971390	-5.6684247488506
1.7810000181198	-5.7369547773788
1.7840000391006	-5.8069664605888
1.7869999408722	-5.8784715575119
1.7899999618530	-5.9514865686609
1.7929999828339	-6.0260175072233
1.7960000038147	-6.1020784723758
1.7990000247955	-6.1796725834939
1.8020000457764	-6.2588085892824
1.8049999475479	-6.3394883717839
1.8079999685287	-6.4217162180004
1.8109999895096	-6.5054877258014
1.8140000104904	-6.5908028398135
1.8170000314713	-6.6776522758240
1.8200000524521	-6.7660289099513
1.8229999542236	-6.8559203025738
1.8259999752045	-6.9473107621349
1.8289999961853	-7.0401802374226
1.8320000171661	-7.1345070285478
1.8350000381470	-7.2302617905828
1.8380000591278	-7.3274134718102
1.8409999608994	-7.4259239309742
1.8439999818802	-7.5257507950776
1.8470000028610	-7.6268474681876
1.8500000238419	-7.7291568984478
1.8530000448227	-7.8326195084546
1.8559999465942	-7.9371687717066
1.8589999675751	-8.0427257156095
1.8619999885559	-8.1492112120397
1.8650000095367	-8.2565303012972
1.8680000305176	-8.3645836907717
1.8710000514984	-8.4732600795264
1.8739999532700	-8.5824407964793
1.8769999742508	-8.6919960301943
1.8799999952316	-8.8017819803700
1.8830000162125	-8.9116482205004
1.8860000371933	-9.0214291214480
1.8890000581741	-9.1309503865885
1.8919999599457	-9.2400218458958
1.8949999809265	-9.3484450869132
1.8980000019073	-9.4560056839673
1.9010000228882	-9.5624798198160
1.9040000438690	-9.6676298561452
1.9069999456406	-9.7712063399287
1.9099999666214	-9.8729534553123
1.9129999876022	-9.9725994203789
1.9160000085831	-10.069868100539
1.9190000295639	-10.164475565247
1.9220000505447	-10.256128022921
1.9249999523163	-10.344533777813
1.9279999732971	-10.429395911229
1.9309999942780	-10.510420394720
1.9340000152588	-10.587314984757
1.9370000362396	-10.659794687463
1.9400000572205	-10.727587037356
1.9429999589920	-10.790427731268
1.9459999799728	-10.848069753396
1.9490000009537	-10.900288770194
1.9520000219345	-10.946878749918
1.9550000429153	-10.987662306580
1.9579999446869	-11.022486290126
1.9609999656677	-11.051230538715
1.9639999866486	-11.073807608970
1.9670000076294	-11.090161427064
1.9700000286102	-11.100271370456
1.9730000495911	-11.104151077872
1.9759999513626	-11.101848649919
1.9789999723434	-11.093448268622
1.9819999933243	-11.079061623153
1.9850000143051	-11.058835404789
1.9880000352859	-11.032943280652
1.9910000562668	-11.001580681518
1.9939999580383	-10.964971964266
1.9969999790192	-10.923355365204
2.0000000000000	-10.876990391142
2.0030000209808	-10.826147526454
2.0060000419617	-10.771102770371
2.0090000629425	-10.712147745288
2.0120000839233	-10.649571519526
2.0150001049042	-10.583664805050
2.0179998874664	-10.514720594535
2.0209999084473	-10.443024321520
2.0239999294281	-10.368858763190
2.0269999504089	-10.292495609009
2.0299999713898	-10.214203707135
2.0329999923706	-10.134238258802
2.0360000133514	-10.052842056141
2.0390000343323	-9.9702519183820
2.0420000553131	-9.8866866658552
2.0450000762939	-9.8023587636150
2.0480000972748	-9.7174630068325
2.0510001182556	-9.6321848172493
2.0539999008179	-9.5466975435814
2.0569999217987	-9.4611640752210
2.0599999427795	-9.3757293192015
2.0629999637604	-9.2905332545826
2.0659999847412	-9.2057028105985
2.0690000057220	-9.1213530851446
2.0720000267029	-9.0375919220849
2.0750000476837	-8.9545148830466
2.0780000686646	-8.8722117351451
2.0810000896454	-8.7907593889701
2.0840001106262	-8.7102312850568
2.0869998931885	-8.6306894533090
2.0899999141693	-8.5521914509617
2.0929999351501	-8.4747858930560
2.0959999561310	-8.3985194891000
2.0989999771118	-8.3234270166024
2.1019999980927	-8.2495452297329
2.1050000190735	-8.1768977071038
2.1080000400543	-8.1055102678450
2.1110000610352	-8.0354002759565
2.1140000820160	-7.9665834555861
2.1170001029968	-7.8990705632234
2.1199998855591	-7.8328686478242
2.1229999065399	-7.7679836197743
2.1259999275208	-7.7044150550959
2.1289999485016	-7.6421641293437
2.1319999694824	-7.5812262120800
2.1349999904633	-7.5215937200140
2.1380000114441	-7.4632612409778
2.1410000324249	-7.4062166303448
2.1440000534058	-7.3504499012448
2.1470000743866	-7.2959471931398
2.1500000953674	-7.2426924690406
2.1530001163483	-7.1906717836163
2.1559998989105	-7.1398652157922
2.1589999198914	-7.0902546719438
2.1619999408722	-7.0418217199212
2.1649999618530	-6.9945441085026
2.1679999828339	-6.9484023538489
2.1710000038147	-6.9033724754094
2.1740000247955	-6.8594334716426
2.1770000457764	-6.8165592163208
2.1800000667572	-6.7747274744853
2.1830000877380	-6.7339134340274
2.1860001087189	-6.6940921210426
2.1889998912811	-6.6552398514297
2.1919999122620	-6.6173271944381
2.1949999332428	-6.5803332988849
2.1979999542236	-6.5442299433372
2.2009999752045	-6.5089912742400
2.2039999961853	-6.4745912845984
2.2070000171661	-6.4410044993542
2.2100000381470	-6.4082056781372
2.2130000591278	-6.3761681217502
2.2160000801086	-6.3448664824692
2.2190001010895	-6.3142748373272
2.2219998836517	-6.2843698525595
2.2249999046326	-6.2551242466612
2.2279999256134	-6.2265139223237
2.2309999465942	-6.1985162003429
2.2339999675751	-6.1711051986943
2.2369999885559	-6.1442591512145
2.2400000095367	-6.1179553150405
2.2430000305176	-6.0921690222406
2.2460000514984	-6.0668800776511
2.2490000724792	-6.0420659160463
2.2520000934601	-6.0177084744269
2.2550001144409	-5.9937853475289
2.2579998970032	-5.9702766367047
2.2609999179840	-5.9471651194691
2.2639999389648	-5.9244323896506
2.2669999599457	-5.9020601995157
2.2699999809265	-5.8800337342634
2.2730000019073	-5.8583340849413
2.2760000228882	-5.8369502753716
2.2790000438690	-5.8158648784896
2.2820000648499	-5.7950646241063
2.2850000858307	-5.7745385525765
2.2880001068115	-5.7542725167361
2.2909998893738	-5.7342585820705
2.2939999103546	-5.7144857427372
2.2969999313354	-5.6949427446330
2.2999999523163	-5.6756220698567
2.3029999732971	-5.6565176524677
2.3059999942780	-5.6376205387285
2.3090000152588	-5.6189260617303
2.3120000362396	-5.6004297252299
2.3150000572205	-5.5821259860139
2.3180000782013	-5.5640119493607
2.3210000991821	-5.5460846833674
2.3239998817444	-5.5283433104343
2.3269999027252	-5.5107840312244
2.3299999237061	-5.4934085801936
2.3329999446869	-5.4762174050358
2.3359999656677	-5.4592100798238
2.3389999866486	-5.4423891602629
2.3420000076294	-5.4257573988529
2.3450000286102	-5.4093162656271
2.3480000495911	-5.3930705744131
2.3510000705719	-5.3770229603556
2.3540000915527	-5.3611777956537
2.3570001125336	-5.3455426444284
2.3599998950958	-5.3301194399822
2.3629999160767	-5.3149153182662
2.3659999370575	-5.2999379355679
2.3689999580383	-5.2851920760981
2.3719999790192	-5.2706859754982
2.3750000000000	-5.2564265728433
2.3780000209808	-5.2424197419034
2.3810000419617	-5.2286767338579
2.3840000629425	-5.2152020417105
2.3870000839233	-5.2020047570664
2.3900001049042	-5.1890936992541
2.3929998874664	-5.1764768281164
2.3959999084473	-5.1641628182951
2.3989999294281	-5.1521594439631
2.4019999504089	-5.1404735054347
2.4049999713898	-5.1291164848630
2.4079999923706	-5.1180962460193
2.4110000133514	-5.1074178857292
2.4140000343323	-5.0970931771159
2.4170000553131	-5.0871275476609
2.4200000762939	-5.0775303381237
2.4230000972748	-5.0683081996455
2.4260001182556	-5.0594687230094
2.4289999008179	-5.0510213222562
2.4319999217987	-5.0429695155797
2.4349999427795	-5.0353203595038
2.4379999637604	-5.0280832566694
2.4409999847412	-5.0212615747803
2.4440000057220	-5.0148619187747
2.4470000267029	-5.0088904595972
2.4500000476837	-5.0033511189291
2.4530000686646	-4.9982492833353
2.4560000896454	-4.9935899775023
2.4590001106262	-4.9893751344213
2.4619998931885	-4.9856109624853
2.4649999141693	-4.9822987720656
2.4679999351501	-4.9794423346562
2.4709999561310	-4.9770442557156
2.4739999771118	-4.9751040823426
2.4769999980927	-4.9736275268962
2.4800000190735	-4.9726136512311
2.4830000400543	-4.9720640019081
2.4860000610352	-4.9719780194842
2.4890000820160	-4.9723549002192
2.4920001029968	-4.9731963116245
2.4949998855591	-4.9745000031770
2.4979999065399	-4.9762652411913
2.5009999275208	-4.9784901134862
2.5039999485016	-4.9811723176867
2.5069999694824	-4.9843102724835
2.5099999904633	-4.9879000977879
2.5130000114441	-4.9919384688828
2.5160000324249	-4.9964235524905
2.5190000534058	-5.0013503302516
2.5220000743866	-5.0067132775785
2.5250000953674	-5.0125091580647
2.5280001163483	-5.0187325276739
2.5309998989105	-5.0253781594090
2.5339999198914	-5.0324420623051
2.5369999408722	-5.0399162936839
2.5399999618530	-5.0477954677242
2.5429999828339	-5.0560730654557
2.5460000038147	-5.0647432552415
2.5490000247955	-5.0737980960197
2.5520000457764	-5.0832321640595
2.5550000667572	-5.0930367290652
2.5580000877380	-5.1032048259050
2.5610001087189	-5.1137307083491
2.5639998912811	-5.1246045008841
2.5669999122620	-5.1358204374132
2.5699999332428	-5.1473687910778
2.5729999542236	-5.1592442804943
2.5759999752045	-5.1714364350546
2.5789999961853	-5.1839396163300
2.5820000171661	-5.1967437292677
2.5850000381470	-5.2098442351528
2.5880000591278	-5.2232303250934
2.5910000801086	-5.2368953690206
2.5940001010895	-5.2508334599661
2.5969998836517	-5.2650346085343
2.5999999046326	-5.2794940397372
2.6029999256134	-5.2942020825139
2.6059999465942	-5.3091537378104
2.6089999675751	-5.3243430589009
2.6119999885559	-5.3397612009189
2.6150000095367	-5.3554029148035
2.6180000305176	-5.3712615918129
2.6210000514984	-5.3873339656203
2.6240000724792	-5.4036126877526
2.6270000934601	-5.4200946769771
2.6300001144409	-5.4367712920121
2.6329998970032	-5.4536429012723
2.6359999179840	-5.4707029412663
2.6389999389648	-5.4879495604815
2.6419999599457	-5.5053774718581
2.6449999809265	-5.5229847394915
2.6480000019073	-5.5407692637959
2.6510000228882	-5.5587307695927
2.6540000438690	-5.5768658389548
2.6570000648499	-5.5951727132570
2.6600000858307	-5.6136537376592
2.6630001068115	-5.6323067924907
2.6659998893738	-5.6511323614668
2.6689999103546	-5.6701312120965
2.6719999313354	-5.6893059814373
2.6749999523163	-5.7086570396739
2.6779999732971	-5.7281866609986
2.6809999942780	-5.7478975466243
2.6840000152588	-5.7677918698328
2.6870000362396	-5.7878753022830
2.6900000572205	-5.8081505636144
2.6930000782013	-5.8286208931778
2.6960000991821	-5.8492929463140
2.6989998817444	-5.8701687814739
2.7019999027252	-5.8912550869188
2.7049999237061	-5.9125604177767
2.7079999446869	-5.9340877884398
2.7109999656677	-5.9558428883754
2.7139999866486	-5.9778348299123
2.7170000076294	-6.0000686710980
2.7200000286102	-6.0225533028601
2.7230000495911	-6.0452933229703
2.7260000705719	-6.0682994113904
2.7290000915527	-6.0915772571497
2.7320001125336	-6.1151360931425
2.7349998950958	-6.1389820597079
2.7379999160767	-6.1631242032527
2.7409999370575	-6.1875724878462
2.7439999580383	-6.2123328022067
2.7469999790192	-6.2374144623244
2.7500000000000	-6.2628247154288
2.7530000209808	-6.2885724509113
2.7560000419617	-6.3146654509348
2.7590000629425	-6.3411126488936
2.7620000839233	-6.3679226978728
2.7650001049042	-6.3951006152499
2.7679998874664	-6.4226555840620
2.7709999084473	-6.4505953776466
2.7739999294281	-6.4789256439246
2.7769999504089	-6.5076554889370
2.7799999713898	-6.5367896482666
2.7829999923706	-6.5663366416364
2.7860000133514	-6.5962996084588
2.7890000343323	-6.6266852914854
2.7920000553131	-6.6574995332911
2.7950000762939	-6.6887474798479
2.7980000972748	-6.7204321313360
2.8010001182556	-6.7525575533624
2.8039999008179	-6.7851289809777
2.8069999217987	-6.8181478064113
2.8099999427795	-6.8516162931865
2.8129999637604	-6.8855367382015
2.8159999847412	-6.9199108213668
2.8190000057220	-6.9547387338460
2.8220000267029	-6.9900221344689
2.8250000476837	-7.0257580518219
2.8280000686646	-7.0619474266445
2.8310000896454	-7.0985863868071
2.8340001106262	-7.1356750724321
2.8369998931885	-7.1732095991807
2.8399999141693	-7.2111855756200
2.8429999351501	-7.2495999761364
2.8459999561310	-7.2884453451680
2.8489999771118	-7.3277185097071
2.8519999980927	-7.3674112441160
2.8550000190735	-7.4075160996248
2.8580000400543	-7.4480269650457
2.8610000610352	-7.4889344027798
2.8640000820160	-7.5302289511552
2.8670001029968	-7.5719011516190
2.8699998855591	-7.6139399162246
2.8729999065399	-7.6563342931340
2.8759999275208	-7.6990712692816
2.8789999485016	-7.7421397655441
2.8819999694824	-7.7855259250116
2.8849999904633	-7.8292163042956
2.8880000114441	-7.8731962290060
2.8910000324249	-7.9174497869102
2.8940000534058	-7.9619629229851
2.8970000743866	-8.0067189289979
2.9000000953674	-8.0517017561703
2.9030001163483	-8.0968948714916
2.9059998989105	-8.1422797677318
2.9089999198914	-8.1878402448437
2.9119999408722	-8.2335565602270
2.9149999618530	-8.2794115908822
2.9179999828339	-8.3253877249418
2.9210000038147	-8.3714660299381
2.9240000247955	-8.4176271255602
2.9270000457764	-8.4638520244270
2.9300000667572	-8.5101244075539
2.9330000877380	-8.5564234994672
2.9360001087189	-8.6027299022482
2.9389998912811	-8.6490275400213
2.9419999122620	-8.6952977540048
2.9449999332428	-8.7415235141836
2.9479999542236	-8.7876867122470
2.9509999752045	-8.8337706544249
2.9539999961853	-8.8797588645021
2.9570000171661	-8.9256356894511
2.9600000381470	-8.9713874114060
2.9630000591278	-9.0169984910934
2.9660000801086	-9.0624560224582
2.9690001010895	-9.1077470474524
2.9719998836517	-9.1528609349117
2.9749999046326	-9.1977866130169
2.9779999256134	-9.2425142127193
2.9809999465942	-9.2870362762863
2.9839999675751	-9.3313436824709
2.9869999885559	-9.3754328583390
2.9900000095367	-9.4192984742127
2.9930000305176	-9.4629356071444
2.9960000514984	-9.5063444640225
2.9990000724792	-9.5495226841816
3.0020000934601	-9.5924716422565
3.0050001144409	-9.6351944002652
3.0079998970032	-9.6776927165524
3.0109999179840	-9.7199715301840
3.0139999389648	-9.7620383414970
3.0169999599457	-9.8039020035638
3.0199999809265	-9.8455700025709
3.0230000019073	-9.8870550531477
3.0260000228882	-9.9283669645085
3.0290000438690	-9.9695210623720
3.0320000648499	-10.010532539711
3.0350000858307	-10.051414994701
3.0380001068115	-10.092188741073
3.0409998893738	-10.132872834618
3.0439999103546	-10.173484441560
3.0469999313354	-10.214046511871
3.0499999523163	-10.254580744369
3.0529999732971	-10.295110288703
3.0559999942780	-10.335659500588
3.0590000152588	-10.376251551754
3.0620000362396	-10.416914686514
3.0650000572205	-10.457673291008
3.0680000782013	-10.498555575084
3.0710000991821	-10.539588818732
3.0739998817444	-10.580799915637
3.0769999027252	-10.622219345588
3.0799999237061	-10.663874184863
3.0829999446869	-10.705793040564
3.0859999656677	-10.748006646084
3.0889999866486	-10.790543030710
3.0920000076294	-10.833430940691
3.0950000286102	-10.876701696792
3.0980000495911	-10.920381181495
3.1010000705719	-10.964498960161
3.1040000915527	-11.009083622169
3.1070001125336	-11.054163016483
3.1099998950958	-11.099762603595
3.1129999160767	-11.145911423598
3.1159999370575	-11.192634092445
3.1189999580383	-11.239954017151
3.1219999790192	-11.287899783951
3.1250000000000	-11.336489822829
3.1280000209808	-11.385750306197
3.1310000419617	-11.435701141020
3.1340000629425	-11.486360553177
3.1370000839233	-11.537750621420
3.1400001049042	-11.589888145312
3.1429998874664	-11.642788155069
3.1459999084473	-11.696467404388
3.1489999294281	-11.750936964110
3.1519999504089	-11.806210742381
3.1549999713898	-11.862298861732
3.1579999923706	-11.919208963579
3.1610000133514	-11.976947974693
3.1640000343323	-12.035521451185
3.1670000553131	-12.094931703860
3.1700000762939	-12.155180266944
3.1730000972748	-12.216267016619
3.1760001182556	-12.278188587964
3.1789999008179	-12.340939268772
3.1819999217987	-12.404512628983
3.1849999427795	-12.468898423985
3.1879999637604	-12.534086547202
3.1909999847412	-12.600060897578
3.1940000057220	-12.666806376533
3.1970000267029	-12.734303887543
3.2000000476837	-12.802531447653
3.2030000686646	-12.871464810691
3.2060000896454	-12.941079679557
3.2090001106262	-13.011345237963
3.2119998931885	-13.082229644189
3.2149999141693	-13.153700451681
3.2179999351501	-13.225718697079
3.2209999561310	-13.298247084465
3.2239999771118	-13.371242592042
3.2269999980927	-13.444661491935
3.2300000190735	-13.518455822941
3.2330000400543	-13.592576094924
3.2360000610352	-13.666972184470
3.2390000820160	-13.741589250845
3.2420001029968	-13.816370465321
3.2449998855591	-13.891259393525
3.2479999065399	-13.966193322178
3.2509999275208	-14.041111600760
3.2539999485016	-14.115951752064
3.2569999694824	-14.190648129300
3.2599999904633	-14.265134931622
3.2630000114441	-14.339345509996
3.2660000324249	-14.413212174127
3.2690000534058	-14.486666816803
3.2720000743866	-14.559642073487
3.2750000953674	-14.632070515450
3.2780001163483	-14.703883995878
3.2809998989105	-14.775017973191
3.2839999198914	-14.845407803707
3.2869999408722	-14.914989462313
3.2899999618530	-14.983702253359
3.2929999828339	-15.051488355838
3.2960000038147	-15.118291735232
3.2990000247955	-15.184059808008
3.3020000457764	-15.248743843449
3.3050000667572	-15.312299312779
3.3080000877380	-15.374686634763
3.3110001087189	-15.435868447270
3.3139998912811	-15.495815404541
3.3169999122620	-15.554500083207
3.3199999332428	-15.611902626176
3.3229999542236	-15.668009340125
3.3259999752045	-15.722808888993
3.3289999961853	-15.776301465474
3.3320000171661	-15.828489177431
3.3350000381470	-15.879379740871
3.3380000591278	-15.928988733049
3.3410000801086	-15.977338007623
3.3440001010895	-16.024454253584
3.3469998836517	-16.070368719546
3.3499999046326	-16.115122039367
3.3529999256134	-16.158754809016
3.3559999465942	-16.201318731790
3.3589999675751	-16.242862741418
3.3619999885559	-16.283448057552
3.3650000095367	-16.323134397224
3.3680000305176	-16.361988515293
3.3710000514984	-16.400075953451
3.3740000724792	-16.437470538915
3.3770000934601	-16.474245221466
3.3800001144409	-16.510475310654
3.3829998970032	-16.546238376456
3.3859999179840	-16.581612198483
3.3889999389648	-16.616676510832
3.3919999599457	-16.651509795304
3.3949999809265	-16.686191531428
3.3980000019073	-16.720798902574
3.4010000228882	-16.755410042330
3.4040000438690	-16.790101214887
3.4070000648499	-16.824945422331
3.4100000858307	-16.860015448725
3.4130001068115	-16.895378780174
3.4159998893738	-16.931103187525
3.4189999103546	-16.967254505060
3.4219999313354	-17.003889210300
3.4249999523163	-17.041065692485
3.4279999732971	-17.078834086449
3.4309999942780	-17.117244222012
3.4340000152588	-17.156337567082
3.4370000362396	-17.196155238817
3.4400000572205	-17.236726959787
3.4430000782013	-17.278083682196
3.4460000991821	-17.320247610601
3.4489998817444	-17.363236192575
3.4519999027252	-17.407058655755
3.4549999237061	-17.451721520192
3.4579999446869	-17.497223583986
3.4609999656677	-17.543555662579
3.4639999866486	-17.590704265990
3.4670000076294	-17.638648877698
3.4700000286102	-17.687360062800
3.4730000495911	-17.736801874284
3.4760000705719	-17.786935274428
3.4790000915527	-17.837707044183
3.4820001125336	-17.889060163954
3.4849998950958	-17.940931221438
3.4879999160767	-17.993249580386
3.4909999370575	-18.045933663446
3.4939999580383	-18.098897347753
3.4969999790192	-18.152045862561
3.5000000000000	-18.205279805841
#Parameters = {L=32; Lgnd=10; Lrond=0.7; W=24; eps_inf_G35=4.3361; eps_inf_sc=4; eps_s1_G35=19; eps_s1_sc=26; eps_s2_G35=58.1481; eps_s2_sc=500; h=1.6; h2=3.2; hbase=7; hclad=0.018; hsub=1.575; lbase=1.5; length=100; lg=80; lgap=0.5; lgap1=1; lgap2=0.5; lpin=4.7; lsma=7.6; r=10; r1=4; r2=3; rd=1.3; rpin=0.39; rsma=5.5; tCSF=2; tSpinalCord=8; tau_1_G35=1.24086e-11; tau_1_sc=7.958e-12; tau_2_G35=1.001481e-07; tau_2_sc=106.103; tbone=10; tcoupling=24.8; tfat=8; thickness=0.035; tmuscle=20; tskin=2; wfeed=2.9; wgap=0.5; wgap1=4; wgap2=0.7; wgnd=10.05; width=60; wleg=1.7}
#"Frequency / GHz"	"S1,1 (tcoupling=24.8) [Magnitude / dB]"
#----------------------------------------------------------
0.50000000000000	-0.53251440957278
0.50300002098083	-0.53723586592757
0.50599998235703	-0.54170348387428
0.50900000333786	-0.54590818028967
0.51200002431870	-0.54984373490912
0.51499998569489	-0.55350235473420
0.51800000667572	-0.55687912908657
0.52100002765656	-0.55996962534774
0.52399998903275	-0.56277155561002
0.52700001001358	-0.56528069391252
0.52999997138977	-0.56749660616263
0.53299999237061	-0.56941867450333
0.53600001335144	-0.57104799479130
0.53899997472763	-0.57238493238449
0.54199999570847	-0.57343330829393
0.54500001668930	-0.57419548506029
0.54799997806549	-0.57467582652328
0.55099999904633	-0.57488146943224
0.55400002002716	-0.57481615640125
0.55699998140335	-0.57448740980149
0.56000000238419	-0.57390478757835
0.56300002336502	-0.57307376046165
0.56599998474121	-0.57200515129255
0.56900000572205	-0.57070870534355
0.57200002670288	-0.56919542970285
0.57499998807907	-0.56747474134602
0.57800000905991	-0.56555919679135
0.58099997043610	-0.56346168571229
0.58399999141693	-0.56119407654428
0.58700001239777	-0.55876951976639
0.58999997377396	-0.55619964606250
0.59299999475479	-0.55349973187583
0.59600001573563	-0.55068383207979
0.59899997711182	-0.54776369151825
0.60199999809265	-0.54475528390099
0.60500001907349	-0.54167164166729
0.60799998044968	-0.53852758888036
0.61100000143051	-0.53533940512222
0.61400002241135	-0.53211655252226
0.61699998378754	-0.52887656614526
0.62000000476837	-0.52563325514037
0.62300002574921	-0.52239979298670
0.62599998712540	-0.51918761233750
0.62900000810623	-0.51601381334975
0.63200002908707	-0.51288744432652
0.63499999046326	-0.50982516973338
0.63800001144409	-0.50683479446828
0.64099997282028	-0.50393221376346
0.64399999380112	-0.50112555233441
0.64700001478195	-0.49842754387639
0.64999997615814	-0.49584857134759
0.65299999713898	-0.49339903342439
0.65600001811981	-0.49108616167420
0.65899997949600	-0.48892165836298
0.66200000047684	-0.48691265841476
0.66500002145767	-0.48506529244957
0.66799998283386	-0.48338824763649
0.67100000381470	-0.48188868388882
0.67400002479553	-0.48057118434084
0.67699998617172	-0.47944277735749
0.68000000715256	-0.47850602084532
0.68300002813339	-0.47776514343078
0.68599998950958	-0.47722492953201
0.68900001049042	-0.47688524415999
0.69199997186661	-0.47675153454420
0.69499999284744	-0.47682371794751
0.69800001382828	-0.47710388473922
0.70099997520447	-0.47758879607192
0.70399999618530	-0.47828048176785
0.70700001716614	-0.47917870846617
0.70999997854233	-0.48028095862914
0.71299999952316	-0.48158313735111
0.71600002050400	-0.48308429487485
0.71899998188019	-0.48478015767162
0.72200000286102	-0.48666721443985
0.72500002384186	-0.48873938176843
0.72799998521805	-0.49099476370638
0.73100000619888	-0.49342523508016
0.73400002717972	-0.49602588482437
0.73699998855591	-0.49879053630276
0.74000000953674	-0.50171014465633
0.74299997091293	-0.50478088249276
0.74599999189377	-0.50799095626481
0.74900001287460	-0.51133581220470
0.75199997425079	-0.51480580744416
0.75499999523163	-0.51839166180671
0.75800001621246	-0.52208550305352
0.76099997758865	-0.52587787104827
0.76399999856949	-0.52975795039340
0.76700001955032	-0.53371894494902
0.76999998092651	-0.53774883127286
0.77300000190735	-0.54184018606486
0.77600002288818	-0.54597922576143
0.77899998426437	-0.55015969924495
0.78200000524521	-0.55436934713128
0.78500002622604	-0.55859880729633
0.78799998760223	-0.56283863614389
0.79100000858307	-0.56707886204475
0.79400002956390	-0.57130885536822
0.79699999094009	-0.57552085213823
0.80000001192093	-0.57970353774761
0.80299997329712	-0.58384967405340
0.80599999427795	-0.58794772549157
0.80900001525879	-0.59199095734390
0.81199997663498	-0.59596878269122
0.81499999761581	-0.59987523107229
0.81800001859665	-0.60370131006436
0.82099997997284	-0.60744116250498
0.82400000095367	-0.61108658517726
0.82700002193451	-0.61463020379408
0.82999998331070	-0.61806749973039
0.83300000429153	-0.62138996761135
0.83600002527237	-0.62459645974092
0.83899998664856	-0.62767867092943
0.84200000762939	-0.63063362205145
0.84500002861023	-0.63345845147603
0.84799998998642	-0.63614768064619
0.85100001096725	-0.63870095672313
0.85399997234344	-0.64111479334585
0.85699999332428	-0.64338828418731
0.86000001430511	-0.64551878557531
0.86299997568130	-0.64750777035047
0.86599999666214	-0.64935394616152
0.86900001764297	-0.65105872752360
0.87199997901917	-0.65262304818724
0.87500000000000	-0.65404747194170
0.87800002098083	-0.65533620945488
0.88099998235703	-0.65648968718699
0.88400000333786	-0.65751207248984
0.88700002431870	-0.65840745092927
0.88999998569489	-0.65917848366007
0.89300000667572	-0.65983151789540
0.89600002765656	-0.66037112680571
0.89899998903275	-0.66080069928127
0.90200001001358	-0.66112879267943
0.90499997138977	-0.66136001337964
0.90799999237061	-0.66150136816462
0.91100001335144	-0.66155929531273
0.91399997472763	-0.66154087144999
0.91699999570847	-0.66145420146145
0.92000001668930	-0.66130672133024
0.92299997806549	-0.66110454573020
0.92599999904633	-0.66085858394886
0.92900002002716	-0.66057381072046
0.93199998140335	-0.66026090625281
0.93500000238419	-0.65992676369039
0.93800002336502	-0.65958093353468
0.94099998474121	-0.65923109241764
0.94400000572205	-0.65888759836702
0.94700002670288	-0.65855509379882
0.94999998807907	-0.65824615033815
0.95300000905991	-0.65796607342414
0.95599997043610	-0.65772520265631
0.95899999141693	-0.65753130420153
0.96200001239777	-0.65739091356247
0.96499997377396	-0.65731405073111
0.96799999475479	-0.65730655458911
0.97100001573563	-0.65737689380835
0.97399997711182	-0.65753197089455
0.97699999809265	-0.65777917760994
0.98000001907349	-0.65812296271999
0.98299998044968	-0.65857265026707
0.98600000143051	-0.65913393147148
0.98900002241135	-0.65981204144727
0.99199998378754	-0.66061126454658
0.99500000476837	-0.66153831061011
0.99800002574921	-0.66259667238251
1.0010000467300	-0.66379077477082
1.0039999485016	-0.66512650124813
1.0069999694824	-0.66660493172598
1.0099999904633	-0.66823052151318
1.0130000114441	-0.67000501303007
1.0160000324249	-0.67193160688215
1.0190000534058	-0.67401266130763
1.0219999551773	-0.67624910487376
1.0249999761581	-0.67864140009344
1.0279999971390	-0.68118975925176
1.0310000181198	-0.68389767700878
1.0340000391006	-0.68676035040922
1.0369999408722	-0.68978075095711
1.0399999618530	-0.69295768576192
1.0429999828339	-0.69628759399250
1.0460000038147	-0.69976876088865
1.0490000247955	-0.70340342340902
1.0520000457764	-0.70718297617278
1.0549999475479	-0.71110939941580
1.0579999685287	-0.71517690257226
1.0609999895096	-0.71938101192712
1.0640000104904	-0.72372236457442
1.0670000314713	-0.72819089824629
1.0700000524521	-0.73278719469949
1.0729999542236	-0.73750283565566
1.0759999752045	-0.74233504808637
1.0789999961853	-0.74727793133298
1.0820000171661	-0.75232626762143
1.0850000381470	-0.75747491616579
1.0880000591278	-0.76271633976327
1.0909999608994	-0.76804767411924
1.0939999818802	-0.77345926463334
1.0970000028610	-0.77894639275982
1.1000000238419	-0.78450349602504
1.1030000448227	-0.79012489683235
1.1059999465942	-0.79580099567397
1.1089999675751	-0.80152908194131
1.1119999885559	-0.80730223804617
1.1150000095367	-0.81311083420817
1.1180000305176	-0.81895280550596
1.1210000514984	-0.82482140838919
1.1239999532700	-0.83070666686625
1.1269999742508	-0.83660836955163
1.1299999952316	-0.84251778200313
1.1330000162125	-0.84842690160942
1.1360000371933	-0.85433603402410
1.1390000581741	-0.86023609649153
1.1419999599457	-0.86612473362900
1.1449999809265	-0.87199381376830
1.1480000019073	-0.87784217831066
1.1510000228882	-0.88366528794464
1.1540000438690	-0.88946021354110
1.1569999456406	-0.89522221618678
1.1599999666214	-0.90094878037887
1.1629999876022	-0.90663639494404
1.1660000085831	-0.91228519498506
1.1690000295639	-0.91789321734291
1.1720000505447	-0.92345736246513
1.1749999523163	-0.92897653500591
1.1779999732971	-0.93445227757631
1.1809999942780	-0.93988538802303
1.1840000152588	-0.94527217859255
1.1870000362396	-0.95061812597132
1.1900000572205	-0.95592066655835
1.1929999589920	-0.96118566163027
1.1959999799728	-0.96641138876960
1.1990000009537	-0.97160341894373
1.2020000219345	-0.97676416746771
1.2050000429153	-0.98189547113939
1.2079999446869	-0.98700410479865
1.2109999656677	-0.99209321613197
1.2139999866486	-0.99716685849238
1.2170000076294	-1.0022315283319
1.2200000286102	-1.0072919992151
1.2230000495911	-1.0123565725587
1.2259999513626	-1.0174273898373
1.2289999723434	-1.0225160321343
1.2319999933243	-1.0276272078118
1.2350000143051	-1.0327677398365
1.2380000352859	-1.0379458167478
1.2410000562668	-1.0431685641888
1.2439999580383	-1.0484472019836
1.2469999790192	-1.0537866798138
1.2500000000000	-1.0591973203852
1.2530000209808	-1.0646888837921
1.2560000419617	-1.0702675630845
1.2589999437332	-1.0759449037519
1.2619999647141	-1.0817304833072
1.2649999856949	-1.0876302142459
1.2680000066757	-1.0936568554325
1.2710000276566	-1.0998181999093
1.2740000486374	-1.1061244581637
1.2769999504089	-1.1125842926827
1.2799999713898	-1.1192080541780
1.2829999923706	-1.1260039794671
1.2860000133514	-1.1329815836128
1.2890000343323	-1.1401501236383
1.2920000553131	-1.1475196056249
1.2949999570847	-1.1550966974360
1.2979999780655	-1.1628913435404
1.3009999990463	-1.1709116634704
1.3040000200272	-1.1791672359692
1.3070000410080	-1.1876630104918
1.3099999427795	-1.1964098887177
1.3129999637604	-1.2054128908317
1.3159999847412	-1.2146805620121
1.3190000057220	-1.2242198829655
1.3220000267029	-1.2340353823076
1.3250000476837	-1.2441355637066
1.3279999494553	-1.2545247951371
1.3309999704361	-1.2652091591297
1.3339999914169	-1.2761929575024
1.3370000123978	-1.2874807106871
1.3400000333786	-1.2990780540910
1.3430000543594	-1.3109858169254
1.3459999561310	-1.3232112485816
1.3489999771118	-1.3357533999720
1.3519999980927	-1.3486158350170
1.3550000190735	-1.3618010619683
1.3580000400543	-1.3753107907914
1.3609999418259	-1.3891456666657
1.3639999628067	-1.4033043000416
1.3669999837875	-1.4177900189968
1.3700000047684	-1.4325999330453
1.3730000257492	-1.4477341672152
1.3760000467300	-1.4631903619897
1.3789999485016	-1.4789668384796
1.3819999694824	-1.4950622173207
1.3849999904633	-1.5114723669145
1.3880000114441	-1.5281944231862
1.3910000324249	-1.5452254686033
1.3940000534058	-1.5625590871143
1.3969999551773	-1.5801937372121
1.3999999761581	-1.5981218998530
1.4029999971390	-1.6163394018782
1.4060000181198	-1.6348393745070
1.4090000391006	-1.6536165192875
1.4119999408722	-1.6726633635377
1.4149999618530	-1.6919738791351
1.4179999828339	-1.7115405955034
1.4210000038147	-1.7313546927304
1.4240000247955	-1.7514097125070
1.4270000457764	-1.7716970674634
1.4299999475479	-1.7922092354446
1.4329999685287	-1.8129360021330
1.4359999895096	-1.8338690716934
1.4390000104904	-1.8550001575407
1.4420000314713	-1.8763216327515
1.4450000524521	-1.8978214914425
1.4479999542236	-1.9194919390014
1.4509999752045	-1.9413244707271
1.4539999961853	-1.9633081190220
1.4570000171661	-1.9854356861820
1.4600000381470	-2.0076959999827
1.4630000591278	-2.0300824267241
1.4659999608994	-2.0525852435118
1.4689999818802	-2.0751953933843
1.4720000028610	-2.0979041995757
1.4750000238419	-2.1207047338812
1.4780000448227	-2.1435874394346
1.4809999465942	-2.1665476784794
1.4839999675751	-2.1895746630511
1.4869999885559	-2.2126655792952
1.4900000095367	-2.2358101433389
1.4930000305176	-2.2590054272829
1.4960000514984	-2.2822452900340
1.4989999532700	-2.3055245554743
1.5019999742508	-2.3288395480004
1.5049999952316	-2.3521867171976
1.5080000162125	-2.3755622314600
1.5110000371933	-2.3989661031743
1.5140000581741	-2.4223949503130
1.5169999599457	-2.4458483325256
1.5199999809265	-2.4693268196227
1.5230000019073	-2.4928306792688
1.5260000228882	-2.5163621702569
1.5290000438690	-2.5399235065041
1.5319999456406	-2.5635164723893
1.5349999666214	-2.5871477740037
1.5379999876022	-2.6108200527905
1.5410000085831	-2.6345409702988
1.5440000295639	-2.6583157817793
1.5470000505447	-2.6821529436677
1.5499999523163	-2.7060619719353
1.5529999732971	-2.7300507305009
1.5559999942780	-2.7541295731886
1.5590000152588	-2.7783112613333
1.5620000362396	-2.8026066026962
1.5650000572205	-2.8270286719174
1.5679999589920	-2.8515904509343
1.5709999799728	-2.8763092184391
1.5740000009537	-2.9011998472302
1.5770000219345	-2.9262771026274
1.5800000429153	-2.9515585879216
1.5829999446869	-2.9770635168709
1.5859999656677	-3.0028090783821
1.5889999866486	-3.0288177478372
1.5920000076294	-3.0551071112577
1.5950000286102	-3.0816982693058
1.5980000495911	-3.1086130319179
1.6009999513626	-3.1358748968968
1.6039999723434	-3.1635050584995
1.6069999933243	-3.1915265522594
1.6100000143051	-3.2199650549634
1.6130000352859	-3.2488439386826
1.6160000562668	-3.2781892318496
1.6189999580383	-3.3080242654153
1.6219999790192	-3.3383768387925
1.6250000000000	-3.3692716993056
1.6280000209808	-3.4007367045682
1.6310000419617	-3.4327973756808
1.6339999437332	-3.4654819617388
1.6369999647141	-3.4988177100687
1.6399999856949	-3.5328304998087
1.6430000066757	-3.5675507324055
1.6460000276566	-3.6030048676740
1.6490000486374	-3.6392213936612
1.6519999504089	-3.6762283530904
1.6549999713898	-3.7140541318259
1.6579999923706	-3.7527265148955
1.6610000133514	-3.7922743446414
1.6640000343323	-3.8327256787525
1.6670000553131	-3.8741081635712
1.6699999570847	-3.9164524183982
1.6729999780655	-3.9597827248931
1.6759999990463	-4.0041296279437
1.6790000200272	-4.0495205758758
1.6820000410080	-4.0959805959048
1.6849999427795	-4.1435411776326
1.6879999637604	-4.1922247789193
1.6909999847412	-4.2420609613527
1.6940000057220	-4.2930746676000
1.6970000267029	-4.3452932138797
1.7000000476837	-4.3987397237764
1.7029999494553	-4.4534422335095
1.7059999704361	-4.5094235008963
1.7089999914169	-4.5667083540194
1.7120000123978	-4.6253215002742
1.7150000333786	-4.6852826851943
1.7180000543594	-4.7466162418560
1.7209999561310	-4.8093439917320
1.7239999771118	-4.8734864032900
1.7269999980927	-4.9390635209630
1.7300000190735	-5.0060938399349
1.7330000400543	-5.0745960642099
1.7359999418259	-5.1445868048004
1.7389999628067	-5.2160829606067
1.7419999837875	-5.2890985051715
1.7450000047684	-5.3636458607151
1.7480000257492	-5.4397387162319
1.7510000467300	-5.5173857259616
1.7539999485016	-5.5965989429436
1.7569999694824	-5.6773824073614
1.7599999904633	-5.7597419692632
1.7630000114441	-5.8436806073366
1.7660000324249	-5.9292007233848
1.7690000534058	-6.0162998027393
1.7719999551773	-6.1049712441845
1.7749999761581	-6.1952103021359
1.7779999971390	-6.2870055932865
1.7810000181198	-6.3803455777348
1.7840000391006	-6.4752110826673
1.7869999408722	-6.5715808954432
1.7899999618530	-6.6694328522474
1.7929999828339	-6.7687335135652
1.7960000038147	-6.8694503207203
1.7990000247955	-6.9715435011527
1.8020000457764	-7.0749671608455
1.8049999475479	-7.1796689781371
1.8079999685287	-7.2855928663736
1.8109999895096	-7.3926717762119
1.8140000104904	-7.5008360702949
1.8170000314713	-7.6100036911037
1.8200000524521	-7.7200866407246
1.8229999542236	-7.8309866880435
1.8259999752045	-7.9425996509416
1.8289999961853	-8.0548064655712
1.8320000171661	-8.1674790049973
1.8350000381470	-8.2804817915753
1.8380000591278	-8.3936634130791
1.8409999608994	-8.5068636064558
1.8439999818802	-8.6199083334392
1.8470000028610	-8.7326117797461
1.8500000238419	-8.8447758525490
1.8530000448227	-8.9561897782627
1.8559999465942	-9.0666294258534
1.8589999675751	-9.1758594683256
1.8619999885559	-9.2836303764896
1.8650000095367	-9.3896833431026
1.8680000305176	-9.4937487229749
1.8710000514984	-9.5955464564414
1.8739999532700	-9.6947888440907
1.8769999742508	-9.7911819250441
1.8799999952316	-9.8844253899937
1.8830000162125	-9.9742187148705
1.8860000371933	-10.060260120986
1.8890000581741	-10.142250817785
1.8919999599457	-10.219896716058
1.8949999809265	-10.292912540967
1.8980000019073	-10.361028556135
1.9010000228882	-10.423985443994
1.9040000438690	-10.481545223830
1.9069999456406	-10.533488534021
1.9099999666214	-10.579629714335
1.9129999876022	-10.619800550684
1.9160000085831	-10.653871596836
1.9190000295639	-10.681740089966
1.9220000505447	-10.703339626484
1.9249999523163	-10.718641877212
1.9279999732971	-10.727649575564
1.9309999942780	-10.730404772289
1.9340000152588	-10.726981809614
1.9370000362396	-10.717489361863
1.9400000572205	-10.702067995032
1.9429999589920	-10.680890941175
1.9459999799728	-10.654154749699
1.9490000009537	-10.622080009957
1.9520000219345	-10.584911182000
1.9550000429153	-10.542907687372
1.9579999446869	-10.496341765340
1.9609999656677	-10.445502434140
1.9639999866486	-10.390681724311
1.9670000076294	-10.332175781013
1.9700000286102	-10.270283981895
1.9730000495911	-10.205306181687
1.9759999513626	-10.137536251538
1.9789999723434	-10.067261930095
1.9819999933243	-9.9947684552060
1.9850000143051	-9.9203275798828
1.9880000352859	-9.8442023739187
1.9910000562668	-9.7666474657514
1.9939999580383	-9.6879021716052
1.9969999790192	-9.6081943670126
2.0000000000000	-9.5277409561496
2.0030000209808	-9.4467462087097
2.0060000419617	-9.3653995983533
2.0090000629425	-9.2838794450646
2.0120000839233	-9.2023504213395
2.0150001049042	-9.1209675248786
2.0179998874664	-9.0398711579129
2.0209999084473	-8.9591930150245
2.0239999294281	-8.8790504179275
2.0269999504089	-8.7995553904408
2.0299999713898	-8.7208041010642
2.0329999923706	-8.6428907739374
2.0360000133514	-8.5658909548531
2.0390000343323	-8.4898830493350
2.0420000553131	-8.4149289684694
2.0450000762939	-8.3410875175615
2.0480000972748	-8.2684072854160
2.0510001182556	-8.1969361649320
2.0539999008179	-8.1267111924010
2.0569999217987	-8.0577637540062
2.0599999427795	-7.9901232975408
2.0629999637604	-7.9238113561779
2.0659999847412	-7.8588487932908
2.0690000057220	-7.7952462571386
2.0720000267029	-7.7330172028390
2.0750000476837	-7.6721664871613
2.0780000686646	-7.6126973981226
2.0810000896454	-7.5546123786180
2.0840001106262	-7.4979083935851
2.0869998931885	-7.4425780048180
2.0899999141693	-7.3886174729315
2.0929999351501	-7.3360142469567
2.0959999561310	-7.2847575780101
2.0989999771118	-7.2348346248505
2.1019999980927	-7.1862291258020
2.1050000190735	-7.1389243785926
2.1080000400543	-7.0929033714644
2.1110000610352	-7.0481444156342
2.1140000820160	-7.0046282293321
2.1170001029968	-6.9623318017027
2.1199998855591	-6.9212328870310
2.1229999065399	-6.8813067444905
2.1259999275208	-6.8425298191601
2.1289999485016	-6.8048746218066
2.1319999694824	-6.7683182682773
2.1349999904633	-6.7328307484887
2.1380000114441	-6.6983870194002
2.1410000324249	-6.6649583154657
2.1440000534058	-6.6325178658946
2.1470000743866	-6.6010375219661
2.1500000953674	-6.5704873958070
2.1530001163483	-6.5408398101690
2.1559998989105	-6.5120664961880
2.1589999198914	-6.4841380932640
2.1619999408722	-6.4570262369199
2.1649999618530	-6.4307022253823
2.1679999828339	-6.4051374633010
2.1710000038147	-6.3803039815418
2.1740000247955	-6.3561730795264
2.1770000457764	-6.3327177089933
2.1800000667572	-6.3099110963919
2.1830000877380	-6.2877241231877
2.1860001087189	-6.2661324333407
2.1889998912811	-6.2451088316750
2.1919999122620	-6.2246282654674
2.1949999332428	-6.2046642847134
2.1979999542236	-6.1851957484892
2.2009999752045	-6.1661960271704
2.2039999961853	-6.1476432869078
2.2070000171661	-6.1295161502794
2.2100000381470	-6.1117918522669
2.2130000591278	-6.0944502659121
2.2160000801086	-6.0774722004902
2.2190001010895	-6.0608385398859
2.2219998836517	-6.0445320263169
2.2249999046326	-6.0285336213841
2.2279999256134	-6.0128291657019
2.2309999465942	-5.9974045707556
2.2339999675751	-5.9822433275047
2.2369999885559	-5.9673352232246
2.2400000095367	-5.9526654442877
2.2430000305176	-5.9382253791876
2.2460000514984	-5.9240036160561
2.2490000724792	-5.9099927862086
2.2520000934601	-5.8961846650317
2.2550001144409	-5.8825719631236
2.2579998970032	-5.8691504885059
2.2609999179840	-5.8559141291615
2.2639999389648	-5.8428607460920
2.2669999599457	-5.8299860835010
2.2699999809265	-5.8172904431108
2.2730000019073	-5.8047739352602
2.2760000228882	-5.7924347226195
2.2790000438690	-5.7802745584944
2.2820000648499	-5.7682980016618
2.2850000858307	-5.7565064600805
2.2880001068115	-5.7449035238359
2.2909998893738	-5.7334952744073
2.2939999103546	-5.7222878925816
2.2969999313354	-5.7112853645145
2.2999999523163	-5.7004973530388
2.3029999732971	-5.6899305985359
2.3059999942780	-5.6795917860265
2.3090000152588	-5.6694929562576
2.3120000362396	-5.6596420702809
2.3150000572205	-5.6500494155959
2.3180000782013	-5.6407252157426
2.3210000991821	-5.6316791938138
2.3239998817444	-5.6229248760594
2.3269999027252	-5.6144716040495
2.3299999237061	-5.6063333356600
2.3329999446869	-5.5985190294552
2.3359999656677	-5.5910443592570
2.3389999866486	-5.5839209574396
2.3420000076294	-5.5771585026057
2.3450000286102	-5.5707725219864
2.3480000495911	-5.5647727156906
2.3510000705719	-5.5591747814890
2.3540000915527	-5.5539886568771
2.3570001125336	-5.5492274297380
2.3599998950958	-5.5449024644224
2.3629999160767	-5.5410274250779
2.3659999370575	-5.5376113857925
2.3689999580383	-5.5346677760776
2.3719999790192	-5.5322075406649
2.3750000000000	-5.5302401580079
2.3780000209808	-5.5287776462794
2.3810000419617	-5.5278286902810
2.3840000629425	-5.5274026433099
2.3870000839233	-5.5275115022629
2.3900001049042	-5.5281611566331
2.3929998874664	-5.5293612044872
2.3959999084473	-5.5311171665093
2.3989999294281	-5.5334393239185
2.4019999504089	-5.5363319862363
2.4049999713898	-5.5398023222283
2.4079999923706	-5.5438554974358
2.4110000133514	-5.5484956590666
2.4140000343323	-5.5537279330175
2.4170000553131	-5.5595546282067
2.4200000762939	-5.5659812781004
2.4230000972748	-5.5730059963465
2.4260001182556	-5.5806333849160
2.4289999008179	-5.5888637789560
2.4319999217987	-5.5976954706150
2.4349999427795	-5.6071296543291
2.4379999637604	-5.6171644901007
2.4409999847412	-5.6277971164241
2.4440000057220	-5.6390256349756
2.4470000267029	-5.6508469046743
2.4500000476837	-5.6632548355364
2.4530000686646	-5.6762459267506
2.4560000896454	-5.6898136087223
2.4590001106262	-5.7039510283523
2.4619998931885	-5.7186518064280
2.4649999141693	-5.7339064514489
2.4679999351501	-5.7497089107542
2.4709999561310	-5.7660465049005
2.4739999771118	-5.7829111394591
2.4769999980927	-5.8002906094455
2.4800000190735	-5.8181724374286
2.4830000400543	-5.8365452824162
2.4860000610352	-5.8553971941337
2.4890000820160	-5.8747120831318
2.4920001029968	-5.8944771071377
2.4949998855591	-5.9146761967208
2.4979999065399	-5.9352930528653
2.5009999275208	-5.9563116610030
2.5039999485016	-5.9777170545652
2.5069999694824	-5.9994890945193
2.5099999904633	-6.0216102302046
2.5130000114441	-6.0440612677277
2.5160000324249	-6.0668247006303
2.5190000534058	-6.0898789599231
2.5220000743866	-6.1132057749483
2.5250000953674	-6.1367820139797
2.5280001163483	-6.1605891141935
2.5309998989105	-6.1846049246428
2.5339999198914	-6.2088068429118
2.5369999408722	-6.2331751660610
2.5399999618530	-6.2576860132969
2.5429999828339	-6.2823176740236
2.5460000038147	-6.3070472258492
2.5490000247955	-6.3318531302011
2.5520000457764	-6.3567113743715
2.5550000667572	-6.3816013068679
2.5580000877380	-6.4064979311037
2.5610001087189	-6.4313806655119
2.5639998912811	-6.4562266297029
2.5669999122620	-6.4810126713460
2.5699999332428	-6.5057170765998
2.5729999542236	-6.5303198603032
2.5759999752045	-6.5547982768886
2.5789999961853	-6.5791306532888
2.5820000171661	-6.6032982038483
2.5850000381470	-6.6272802147358
2.5880000591278	-6.6510565033626
2.5910000801086	-6.6746099001796
2.5940001010895	-6.6979188023955
2.5969998836517	-6.7209689718106
2.5999999046326	-6.7437411507503
2.6029999256134	-6.7662202874295
2.6059999465942	-6.7883919623510
2.6089999675751	-6.8102399196987
2.6119999885559	-6.8317503462714
2.6150000095367	-6.8529121066840
2.6180000305176	-6.8737123144567
2.6210000514984	-6.8941389559134
2.6240000724792	-6.9141842405868
2.6270000934601	-6.9338386850929
2.6300001144409	-6.9530916420228
2.6329998970032	-6.9719389298616
2.6359999179840	-6.9903749383915
2.6389999389648	-7.0083939503276
2.6419999599457	-7.0259902800478
2.6449999809265	-7.0431632438171
2.6480000019073	-7.0599087970991
2.6510000228882	-7.0762287445232
2.6540000438690	-7.0921204238199
2.6570000648499	-7.1075854647186
2.6600000858307	-7.1226268935588
2.6630001068115	-7.1372467355432
2.6659998893738	-7.1514490446349
2.6689999103546	-7.1652379715404
2.6719999313354	-7.1786187070527
2.6749999523163	-7.1915978898266
2.6779999732971	-7.2041814306060
2.6809999942780	-7.2163774917419
2.6840000152588	-7.2281945354827
2.6870000362396	-7.2396404007510
2.6900000572205	-7.2507260968431
2.6930000782013	-7.2614601280768
2.6960000991821	-7.2718537560785
2.6989998817444	-7.2819169022297
2.7019999027252	-7.2916620998362
2.7049999237061	-7.3010992614919
2.7079999446869	-7.3102423840086
2.7109999656677	-7.3191014318406
2.7139999866486	-7.3276890374816
2.7170000076294	-7.3360189107726
2.7200000286102	-7.3441039561949
2.7230000495911	-7.3519551359995
2.7260000705719	-7.3595852588580
2.7290000915527	-7.3670082604386
2.7320001125336	-7.3742363734020
2.7349998950958	-7.3812829685574
2.7379999160767	-7.3881599082212
2.7409999370575	-7.3948795357476
2.7439999580383	-7.4014537618446
2.7469999790192	-7.4078946299388
2.7500000000000	-7.4142165928659
2.7530000209808	-7.4204283424394
2.7560000419617	-7.4265420541711
2.7590000629425	-7.4325697786805
2.7620000839233	-7.4385222225488
2.7650001049042	-7.4444105004447
2.7679998874664	-7.4502431076092
2.7709999084473	-7.4560324101018
2.7739999294281	-7.4617868896613
2.7769999504089	-7.4675167172354
2.7799999713898	-7.4732321186100
2.7829999923706	-7.4789403089219
2.7860000133514	-7.4846489320578
2.7890000343323	-7.4903704160097
2.7920000553131	-7.4961094485331
2.7950000762939	-7.5018750700121
2.7980000972748	-7.5076738529586
2.8010001182556	-7.5135160524762
2.8039999008179	-7.5194054803921
2.8069999217987	-7.5253518905639
2.8099999427795	-7.5313596613352
2.8129999637604	-7.5374361876039
2.8159999847412	-7.5435887171478
2.8190000057220	-7.5498236782958
2.8220000267029	-7.5561453243152
2.8250000476837	-7.5625623850980
2.8280000686646	-7.5690785869333
2.8310000896454	-7.5756998530957
2.8340001106262	-7.5824354093404
2.8369998931885	-7.5892869175701
2.8399999141693	-7.5962634204944
2.8429999351501	-7.6033686502734
2.8459999561310	-7.6106114245008
2.8489999771118	-7.6179942411257
2.8519999980927	-7.6255266789004
2.8550000190735	-7.6332129321230
2.8580000400543	-7.6410601725831
2.8610000610352	-7.6490768263206
2.8640000820160	-7.6572666828133
2.8670001029968	-7.6656373913197
2.8699998855591	-7.6741978494198
2.8729999065399	-7.6829532803795
2.8759999275208	-7.6919131942402
2.8789999485016	-7.7010853780445
2.8819999694824	-7.7104749336922
2.8849999904633	-7.7200956790116
2.8880000114441	-7.7299520359871
2.8910000324249	-7.7400530753421
2.8940000534058	-7.7504113234116
2.8970000743866	-7.7610334334056
2.9000000953674	-7.7719296814173
2.9030001163483	-7.7831105211539
2.9059998989105	-7.7945873746454
2.9089999198914	-7.8063687579368
2.9119999408722	-7.8184671212775
2.9149999618530	-7.8308938394264
2.9179999828339	-7.8436610439566
2.9210000038147	-7.8567790500761
2.9240000247955	-7.8702610166657
2.9270000457764	-7.8841183004200
2.9300000667572	-7.8983656084361
2.9330000877380	-7.9130133965992
2.9360001087189	-7.9280756167939
2.9389998912811	-7.9435652643584
2.9419999122620	-7.9594973070108
2.9449999332428	-7.9758826602397
2.9479999542236	-7.9927378628617
2.9509999752045	-8.0100753573500
2.9539999961853	-8.0279082778692
2.9570000171661	-8.0462529468117
2.9600000381470	-8.0651219993453
2.9630000591278	-8.0845286772094
2.9660000801086	-8.1044893548372
2.9690001010895	-8.1250176734237
2.9719998836517	-8.1461264931151
2.9749999046326	-8.1678301693257
2.9779999256134	-8.1901448522928
2.9809999465942	-8.2130825519716
2.9839999675751	-8.2366579715634
2.9869999885559	-8.2608848477711
2.9900000095367	-8.2857758656628
2.9930000305176	-8.3113456233313
2.9960000514984	-8.3376061590417
2.9990000724792	-8.3645699547897
3.0020000934601	-8.3922506450289
3.0050001144409	-8.4206603197152
3.0079998970032	-8.4498105455327
3.0109999179840	-8.4797131191799
3.0139999389648	-8.5103788094219
3.0169999599457	-8.5418189098410
3.0199999809265	-8.5740431956594
3.0230000019073	-8.6070620886823
3.0260000228882	-8.6408849705920
3.0290000438690	-8.6755208005838
3.0320000648499	-8.7109764335854
3.0350000858307	-8.7472620402365
3.0380001068115	-8.7843840471734
3.0409998893738	-8.8223467291769
3.0439999103546	-8.8611578475312
3.0469999313354	-8.9008240320198
3.0499999523163	-8.9413461649934
3.0529999732971	-8.9827325250250
3.0559999942780	-9.0249823071522
3.0590000152588	-9.0681010996442
3.0620000362396	-9.1120869434878
3.0650000572205	-9.1569438134797
3.0680000782013	-9.2026690659129
3.0710000991821	-9.2492651904069
3.0739998817444	-9.2967267119350
3.0769999027252	-9.3450536734887
3.0799999237061	-9.3942402354427
3.0829999446869	-9.4442844774388
3.0859999656677	-9.4951786146666
3.0889999866486	-9.5469184686137
3.0920000076294	-9.5994963423437
3.0950000286102	-9.6529019705490
3.0980000495911	-9.7071283226839
3.1010000705719	-9.7621649807877
3.1040000915527	-9.8180016145890
3.1070001125336	-9.8746233292640
3.1099998950958	-9.9320206971892
3.1129999160767	-9.9901762416891
3.1159999370575	-10.049077456806
3.1189999580383	-10.108708806086
3.1219999790192	-10.169050889071
3.1250000000000	-10.230087007630
3.1280000209808	-10.291798850152
3.1310000419617	-10.354167882007
3.1340000629425	-10.417171291731
3.1370000839233	-10.480789211107
3.1400001049042	-10.545001102053
3.1429998874664	-10.609780735567
3.1459999084473	-10.675107383169
3.1489999294281	-10.740956410949
3.1519999504089	-10.807304250096
3.1549999713898	-10.874123275709
3.1579999923706	-10.941389625514
3.1610000133514	-11.009077709815
3.1640000343323	-11.077160321111
3.1670000553131	-11.145610253373
3.1700000762939	-11.214402280030
3.1730000972748	-11.283510230833
3.1760001182556	-11.352906980618
3.1789999008179	-11.422566404765
3.1819999217987	-11.492462367901
3.1849999427795	-11.562568899723
3.1879999637604	-11.632860294433
3.1909999847412	-11.703313643970
3.1940000057220	-11.773905181580
3.1970000267029	-11.844610695352
3.2000000476837	-11.915409068014
3.2030000686646	-11.986279268238
3.2060000896454	-12.057201937823
3.2090001106262	-12.128160053408
3.2119998931885	-12.199135812097
3.2149999141693	-12.270114221500
3.2179999351501	-12.341082267280
3.2209999561310	-12.412028089280
3.2239999771118	-12.482944673846
3.2269999980927	-12.553820975305
3.2300000190735	-12.624652874556
3.2330000400543	-12.695440146804
3.2360000610352	-12.766177500006
3.2390000820160	-12.836869846069
3.2420001029968	-12.907519804649
3.2449998855591	-12.978134921972
3.2479999065399	-13.048722628882
3.2509999275208	-13.119295986998
3.2539999485016	-13.189867810966
3.2569999694824	-13.260455300417
3.2599999904633	-13.331077851404
3.2630000114441	-13.401757215402
3.2660000324249	-13.472515287180
3.2690000534058	-13.543381548752
3.2720000743866	-13.614382521498
3.2750000953674	-13.685551747672
3.2780001163483	-13.756920327599
3.2809998989105	-13.828525330354
3.2839999198914	-13.900402050984
3.2869999408722	-13.972592603356
3.2899999618530	-14.045135112933
3.2929999828339	-14.118071840762
3.2960000038147	-14.191450647422
3.2990000247955	-14.265311715611
3.3020000457764	-14.339706841122
3.3050000667572	-14.414679043826
3.3080000877380	-14.490279418476
3.3110001087189	-14.566553924617
3.3139998912811	-14.643552333910
3.3169999122620	-14.721326369994
3.3199999332428	-14.799923473416
3.3229999542236	-14.879391206952
3.3259999752045	-14.959782238542
3.3289999961853	-15.041141740173
3.3320000171661	-15.123517329860
3.3350000381470	-15.206956943824
3.3380000591278	-15.291502233133
3.3410000801086	-15.377196867558
3.3440001010895	-15.464084941663
3.3469998836517	-15.552201748621
3.3499999046326	-15.641586086680
3.3529999256134	-15.732272218341
3.3559999465942	-15.824289868685
3.3589999675751	-15.917667598383
3.3619999885559	-16.012427739376
3.3650000095367	-16.108590756730
3.3680000305176	-16.206172308629
3.3710000514984	-16.305183525227
3.3740000724792	-16.405629455734
3.3770000934601	-16.507510689962
3.3800001144409	-16.610818335014
3.3829998970032	-16.715542349638
3.3859999179840	-16.821660436286
3.3889999389648	-16.929147438331
3.3919999599457	-17.037967954842
3.3949999809265	-17.148076365631
3.3980000019073	-17.259418547940
3.4010000228882	-17.371935960977
3.4040000438690	-17.485549464083
3.4070000648499	-17.600180282562
3.4100000858307	-17.715729350971
3.4130001068115	-17.832091292028
3.4159998893738	-17.949142950177
3.4189999103546	-18.066753824680
3.4219999313354	-18.184774867716
3.4249999523163	-18.303048566846
3.4279999732971	-18.421397380188
3.4309999942780	-18.539635459252
3.4340000152588	-18.657556304176
3.4370000362396	-18.774944467971
3.4400000572205	-18.891570948104
3.4430000782013	-19.007188707887
3.4460000991821	-19.121542429201
3.4489998817444	-19.234365115578
3.4519999027252	-19.345380327720
3.4549999237061	-19.454299389399
3.4579999446869	-19.560834951640
3.4609999656677	-19.664687857247
3.4639999866486	-19.765564123015
3.4670000076294	-19.863168355538
3.4700000286102	-19.957211264769
3.4730000495911	-20.047414428201
3.4760000705719	-20.133507936276
3.4790000915527	-20.215240893617
3.4820001125336	-20.292381225055
3.4849998950958	-20.364721493957
3.4879999160767	-20.432081717174
3.4909999370575	-20.494310546966
3.4939999580383	-20.551292566873
3.4969999790192	-20.602947760697
3.5000000000000	-20.649231784510
#Parameters = {L=32; Lgnd=10; Lrond=0.7; W=24; eps_inf_G35=4.3361; eps_inf_sc=4; eps_s1_G35=19; eps_s1_sc=26; eps_s2_G35=58.1481; eps_s2_sc=500; h=1.6; h2=3.2; hbase=7; hclad=0.018; hsub=1.575; lbase=1.5; length=100; lg=80; lgap=0.5; lgap1=1; lgap2=0.5; lpin=4.7; lsma=7.6; r=10; r1=4; r2=3; rd=1.3; rpin=0.39; rsma=5.5; tCSF=2; tSpinalCord=8; tau_1_G35=1.24086e-11; tau_1_sc=7.958e-12; tau_2_G35=1.001481e-07; tau_2_sc=106.103; tbone=10; tcoupling=30; tfat=8; thickness=0.035; tmuscle=20; tskin=2; wfeed=2.9; wgap=0.5; wgap1=4; wgap2=0.7; wgnd=10.05; width=60; wleg=1.7}
#"Frequency / GHz"	"S1,1 (tcoupling=30) [Magnitude / dB]"
#--------------------------------------------------------
0.50000000000000	-0.38927841400067
0.50300002098083	-0.39159714799968
0.50599998235703	-0.39421555393182
0.50900000333786	-0.39712190823906
0.51200002431870	-0.40030531771247
0.51499998569489	-0.40375163022253
0.51800000667572	-0.40744838073834
0.52100002765656	-0.41138101797986
0.52399998903275	-0.41553371986305
0.52700001001358	-0.41989179285599
0.52999997138977	-0.42443828082969
0.53299999237061	-0.42915763367870
0.53600001335144	-0.43403178702447
0.53899997472763	-0.43904218139782
0.54199999570847	-0.44417252753737
0.54500001668930	-0.44940441580152
0.54799997806549	-0.45471911570711
0.55099999904633	-0.46009798018539
0.55400002002716	-0.46552343483384
0.55699998140335	-0.47097603012704
0.56000000238419	-0.47643811173338
0.56300002336502	-0.48189107875296
0.56599998474121	-0.48731686688865
0.56900000572205	-0.49269830851022
0.57200002670288	-0.49801735061408
0.57499998807907	-0.50325788827325
0.57800000905991	-0.50840335239687
0.58099997043610	-0.51343835074529
0.58399999141693	-0.51834693568797
0.58700001239777	-0.52311425769558
0.58999997377396	-0.52772746110291
0.59299999475479	-0.53217339037365
0.59600001573563	-0.53643981998186
0.59899997711182	-0.54051396255559
0.60199999809265	-0.54438823596754
0.60500001907349	-0.54805243341291
0.60799998044968	-0.55149521530302
0.61100000143051	-0.55471308595722
0.61400002241135	-0.55769618095720
0.61699998378754	-0.56044202740098
0.62000000476837	-0.56294548262683
0.62300002574921	-0.56520133057873
0.62599998712540	-0.56720832737245
0.62900000810623	-0.56896702976376
0.63200002908707	-0.57047506823435
0.63499999046326	-0.57173526434858
0.63800001144409	-0.57274875715378
0.64099997282028	-0.57351605109590
0.64399999380112	-0.57404549927822
0.64700001478195	-0.57434094645775
0.64999997615814	-0.57440593154185
0.65299999713898	-0.57424924619126
0.65600001811981	-0.57387745645448
0.65899997949600	-0.57329874742601
0.66200000047684	-0.57252374206540
0.66500002145767	-0.57156223199525
0.66799998283386	-0.57042230781252
0.67100000381470	-0.56911757860253
0.67400002479553	-0.56765854172378
0.67699998617172	-0.56605631324776
0.68000000715256	-0.56432648515619
0.68300002813339	-0.56248075021968
0.68599998950958	-0.56053056311724
0.68900001049042	-0.55849136121409
0.69199997186661	-0.55637659407504
0.69499999284744	-0.55419985465786
0.69800001382828	-0.55197614514583
0.70099997520447	-0.54971763901882
0.70399999618530	-0.54743823620630
0.70700001716614	-0.54515297428003
0.70999997854233	-0.54287635500292
0.71299999952316	-0.54061961840325
0.71600002050400	-0.53839731603809
0.71899998188019	-0.53622135908958
0.72200000286102	-0.53410598706459
0.72500002384186	-0.53206322490089
0.72799998521805	-0.53010444582615
0.73100000619888	-0.52823895778236
0.73400002717972	-0.52647993323672
0.73699998855591	-0.52483811564647
0.74000000953674	-0.52332063027729
0.74299997091293	-0.52193945434494
0.74599999189377	-0.52070200514985
0.74900001287460	-0.51961533333794
0.75199997425079	-0.51868698721793
0.75499999523163	-0.51792401274863
0.75800001621246	-0.51733132710023
0.76099997758865	-0.51691590235739
0.76399999856949	-0.51667966497135
0.76700001955032	-0.51662821880143
0.76999998092651	-0.51676298042974
0.77300000190735	-0.51708728753242
0.77600002288818	-0.51760225849160
0.77899998426437	-0.51830757316744
0.78200000524521	-0.51920373844995
0.78500002622604	-0.52029053048758
0.78799998760223	-0.52156580318015
0.79100000858307	-0.52302934807593
0.79400002956390	-0.52467626722442
0.79699999094009	-0.52650235863593
0.80000001192093	-0.52850688264728
0.80299997329712	-0.53068182838170
0.80599999427795	-0.53302403618190
0.80900001525879	-0.53552630826611
0.81199997663498	-0.53818225930430
0.81499999761581	-0.54098503641108
0.81800001859665	-0.54392874968894
0.82099997997284	-0.54700425224440
0.82400000095367	-0.55020264218974
0.82700002193451	-0.55351589372643
0.82999998331070	-0.55693580705469
0.83300000429153	-0.56045153117465
0.83600002527237	-0.56405540635677
0.83899998664856	-0.56773511677625
0.84200000762939	-0.57148410605523
0.84500002861023	-0.57528879674615
0.84799998998642	-0.57914075844957
0.85100001096725	-0.58302979350536
0.85399997234344	-0.58694566731319
0.85699999332428	-0.59087683630415
0.86000001430511	-0.59481430383524
0.86299997568130	-0.59874751180744
0.86599999666214	-0.60266795757058
0.86900001764297	-0.60656270884531
0.87199997901917	-0.61042425227881
0.87500000000000	-0.61424433287879
0.87800002098083	-0.61801233176804
0.88099998235703	-0.62172001942003
0.88400000333786	-0.62535970606119
0.88700002431870	-0.62892225806578
0.88999998569489	-0.63240181152284
0.89300000667572	-0.63579053729310
0.89600002765656	-0.63908278498322
0.89899998903275	-0.64227075012918
0.90200001001358	-0.64535112472291
0.90499997138977	-0.64831762154187
0.90799999237061	-0.65116724306075
0.91100001335144	-0.65389492091348
0.91399997472763	-0.65649957631895
0.91699999570847	-0.65897698912123
0.92000001668930	-0.66132707926835
0.92299997806549	-0.66354601515771
0.92599999904633	-0.66563547587948
0.92900002002716	-0.66759539890283
0.93199998140335	-0.66942562908084
0.93500000238419	-0.67112717541692
0.93800002336502	-0.67270457388949
0.94099998474121	-0.67415679825203
0.94400000572205	-0.67548937507809
0.94700002670288	-0.67670544881140
0.94999998807907	-0.67780922077975
0.95300000905991	-0.67880539944233
0.95599997043610	-0.67969898564369
0.95899999141693	-0.68049537087027
0.96200001239777	-0.68120125040640
0.96499997377396	-0.68182386681155
0.96799999475479	-0.68236972908577
0.97100001573563	-0.68284573811477
0.97399997711182	-0.68325981735323
0.97699999809265	-0.68362011805160
0.98000001907349	-0.68393474248039
0.98299998044968	-0.68421294176850
0.98600000143051	-0.68446100707629
0.98900002241135	-0.68469039598609
0.99199998378754	-0.68490866033721
0.99500000476837	-0.68512533652096
0.99800002574921	-0.68534826361541
1.0010000467300	-0.68558815795948
1.0039999485016	-0.68585404926282
1.0069999694824	-0.68615317296700
1.0099999904633	-0.68649455342670
1.0130000114441	-0.68688779727511
1.0160000324249	-0.68734177868348
1.0190000534058	-0.68786409287604
1.0219999551773	-0.68846259182916
1.0249999761581	-0.68914480015640
1.0279999971390	-0.68992094027739
1.0310000181198	-0.69079634739164
1.0340000391006	-0.69177567762129
1.0369999408722	-0.69286940048358
1.0399999618530	-0.69408242552002
1.0429999828339	-0.69541923209690
1.0460000038147	-0.69688731284980
1.0490000247955	-0.69849126937755
1.0520000457764	-0.70023332845642
1.0549999475479	-0.70212137089256
1.0579999685287	-0.70415385974138
1.0609999895096	-0.70633948562383
1.0640000104904	-0.70867631013477
1.0670000314713	-0.71116990335812
1.0700000524521	-0.71382003538610
1.0729999542236	-0.71663031451049
1.0759999752045	-0.71959607464107
1.0789999961853	-0.72272399966512
1.0820000171661	-0.72600874669013
1.0850000381470	-0.72945301462540
1.0880000591278	-0.73305400914640
1.0909999608994	-0.73681111331015
1.0939999818802	-0.74072050988065
1.0970000028610	-0.74478168760076
1.1000000238419	-0.74899048977510
1.1030000448227	-0.75334251733514
1.1059999465942	-0.75783631758196
1.1089999675751	-0.76246796335873
1.1119999885559	-0.76723024877884
1.1150000095367	-0.77211979361940
1.1180000305176	-0.77713430202774
1.1210000514984	-0.78226316065764
1.1239999532700	-0.78750542690705
1.1269999742508	-0.79285485278095
1.1299999952316	-0.79830299222563
1.1330000162125	-0.80384505744437
1.1360000371933	-0.80947418134570
1.1390000581741	-0.81518575559147
1.1419999599457	-0.82097314546582
1.1449999809265	-0.82682783684349
1.1480000019073	-0.83274563297165
1.1510000228882	-0.83872055613613
1.1540000438690	-0.84474205561638
1.1569999456406	-0.85080945329519
1.1599999666214	-0.85691309601968
1.1629999876022	-0.86304844220867
1.1660000085831	-0.86920916035779
1.1690000295639	-0.87538906262476
1.1720000505447	-0.88158266809725
1.1749999523163	-0.88778764489074
1.1779999732971	-0.89399617151584
1.1809999942780	-0.90020496750230
1.1840000152588	-0.90641073735242
1.1870000362396	-0.91260811989481
1.1900000572205	-0.91879452226805
1.1929999589920	-0.92496642049738
1.1959999799728	-0.93112248066604
1.1990000009537	-0.93725981972323
1.2020000219345	-0.94337670010939
1.2050000429153	-0.94947261110957
1.2079999446869	-0.95554694767756
1.2109999656677	-0.96160029732649
1.2139999866486	-0.96763050927431
1.2170000076294	-0.97364052823087
1.2200000286102	-0.97962970676337
1.2230000495911	-0.98560298400024
1.2259999513626	-0.99155938397576
1.2289999723434	-0.99750476504122
1.2319999933243	-1.0034401713768
1.2350000143051	-1.0093713039805
1.2380000352859	-1.0152996050055
1.2410000562668	-1.0212344882882
1.2439999580383	-1.0271771149256
1.2469999790192	-1.0331355869292
1.2500000000000	-1.0391148400241
1.2530000209808	-1.0451227238290
1.2560000419617	-1.0511656692075
1.2589999437332	-1.0572490706359
1.2619999647141	-1.0633828613299
1.2649999856949	-1.0695739110281
1.2680000066757	-1.0758303990733
1.2710000276566	-1.0821613674816
1.2740000486374	-1.0885760112018
1.2769999504089	-1.0950809738854
1.2799999713898	-1.1016868998213
1.2829999923706	-1.1084037156858
1.2860000133514	-1.1152396585642
1.2890000343323	-1.1222036801925
1.2920000553131	-1.1293067110407
1.2949999570847	-1.1365563500994
1.2979999780655	-1.1439635128655
1.3009999990463	-1.1515366998933
1.3040000200272	-1.1592841687696
1.3070000410080	-1.1672182214297
1.3099999427795	-1.1753444195254
1.3129999637604	-1.1836735211238
1.3159999847412	-1.1922150856713
1.3190000057220	-1.2009740389364
1.3220000267029	-1.2099619241601
1.3250000476837	-1.2191838636211
1.3279999494553	-1.2286507242240
1.3309999704361	-1.2383661077686
1.3339999914169	-1.2483391876024
1.3370000123978	-1.2585761468037
1.3400000333786	-1.2690814382658
1.3430000543594	-1.2798617022745
1.3459999561310	-1.2909228479640
1.3489999771118	-1.3022679345936
1.3519999980927	-1.3139025942621
1.3550000190735	-1.3258300643822
1.3580000400543	-1.3380539947800
1.3609999418259	-1.3505762274467
1.3639999628067	-1.3633984693854
1.3669999837875	-1.3765229699490
1.3700000047684	-1.3899523156806
1.3730000257492	-1.4036847741850
1.3760000467300	-1.4177221662637
1.3789999485016	-1.4320625776518
1.3819999694824	-1.4467064527826
1.3849999904633	-1.4616509541198
1.3880000114441	-1.4768932117759
1.3910000324249	-1.4924336771786
1.3940000534058	-1.5082656252236
1.3969999551773	-1.5243870445019
1.3999999761581	-1.5407940489605
1.4029999971390	-1.5574826200038
1.4060000181198	-1.5744460266186
1.4090000391006	-1.5916796626700
1.4119999408722	-1.6091768662481
1.4149999618530	-1.6269325133804
1.4179999828339	-1.6449398600251
1.4210000038147	-1.6631905037201
1.4240000247955	-1.6816781115284
1.4270000457764	-1.7003954154498
1.4299999475479	-1.7193335686912
1.4329999685287	-1.7384855509553
1.4359999895096	-1.7578435716445
1.4390000104904	-1.7773982567374
1.4420000314713	-1.7971405226648
1.4450000524521	-1.8170627852969
1.4479999542236	-1.8371565531607
1.4509999752045	-1.8574140901503
1.4539999961853	-1.8778256720234
1.4570000171661	-1.8983831434660
1.4600000381470	-1.9190802425359
1.4630000591278	-1.9399063202371
1.4659999608994	-1.9608542244096
1.4689999818802	-1.9819179474017
1.4720000028610	-2.0030908277446
1.4750000238419	-2.0243645207960
1.4780000448227	-2.0457344039600
1.4809999465942	-2.0671925312911
1.4839999675751	-2.0887363438911
1.4869999885559	-2.1103599859012
1.4900000095367	-2.1320598617269
1.4930000305176	-2.1538313914634
1.4960000514984	-2.1756731771610
1.4989999532700	-2.1975850893537
1.5019999742508	-2.2195620022699
1.5049999952316	-2.2416076724561
1.5080000162125	-2.2637195545597
1.5110000371933	-2.2859003195023
1.5140000581741	-2.3081533129600
1.5169999599457	-2.3304814597836
1.5199999809265	-2.3528876583179
1.5230000019073	-2.3753773000791
1.5260000228882	-2.3979581741264
1.5290000438690	-2.4206372672858
1.5319999456406	-2.4434215328483
1.5349999666214	-2.4663199834152
1.5379999876022	-2.4893440255480
1.5410000085831	-2.5125063492814
1.5440000295639	-2.5358149601053
1.5470000505447	-2.5592868182764
1.5499999523163	-2.5829361367198
1.5529999732971	-2.6067763958245
1.5559999942780	-2.6308246257992
1.5590000152588	-2.6550988028198
1.5620000362396	-2.6796166461734
1.5650000572205	-2.7043968526793
1.5679999589920	-2.7294621205955
1.5709999799728	-2.7548287270506
1.5740000009537	-2.7805223475070
1.5770000219345	-2.8065637117191
1.5800000429153	-2.8329760533311
1.5829999446869	-2.8597848517610
1.5859999656677	-2.8870149992604
1.5889999866486	-2.9146901707056
1.5920000076294	-2.9428371700413
1.5950000286102	-2.9714837881273
1.5980000495911	-3.0006571477163
1.6009999513626	-3.0303830776225
1.6039999723434	-3.0606920488774
1.6069999933243	-3.0916113782564
1.6100000143051	-3.1231696852615
1.6130000352859	-3.1553976204666
1.6160000562668	-3.1883238295401
1.6189999580383	-3.2219794791384
1.6219999790192	-3.2563925815936
1.6250000000000	-3.2915945905537
1.6280000209808	-3.3276174944965
1.6310000419617	-3.3644880835017
1.6339999437332	-3.4022394022004
1.6369999647141	-3.4409012585608
1.6399999856949	-3.4805025823626
1.6430000066757	-3.5210764257707
1.6460000276566	-3.5626502786691
1.6490000486374	-3.6052552841867
1.6519999504089	-3.6489206418454
1.6549999713898	-3.6936758301314
1.6579999923706	-3.7395498728227
1.6610000133514	-3.7865720043641
1.6640000343323	-3.8347686718252
1.6670000553131	-3.8841693203096
1.6699999570847	-3.9348006206579
1.6729999780655	-3.9866889388728
1.6759999990463	-4.0398606935187
1.6790000200272	-4.0943404640068
1.6820000410080	-4.1501551788158
1.6849999427795	-4.2073251905049
1.6879999637604	-4.2658746250950
1.6909999847412	-4.3258285758480
1.6940000057220	-4.3872030185234
1.6970000267029	-4.4500211000763
1.7000000476837	-4.5143002632385
1.7029999494553	-4.5800599657928
1.7059999704361	-4.6473132394231
1.7089999914169	-4.7160788230043
1.7120000123978	-4.7863682756825
1.7150000333786	-4.8581920570592
1.7180000543594	-4.9315623683524
1.7209999561310	-5.0064852393823
1.7239999771118	-5.0829687399454
1.7269999980927	-5.1610155525401
1.7300000190735	-5.2406267060304
1.7330000400543	-5.3218039462730
1.7359999418259	-5.4045397845008
1.7389999628067	-5.4888328049124
1.7419999837875	-5.5746691766644
1.7450000047684	-5.6620401695450
1.7480000257492	-5.7509271372969
1.7510000467300	-5.8413087759111
1.7539999485016	-5.9331638977593
1.7569999694824	-6.0264642111795
1.7599999904633	-6.1211765862734
1.7630000114441	-6.2172606199671
1.7660000324249	-6.3146757095282
1.7690000534058	-6.4133750370145
1.7719999551773	-6.5133007369991
1.7749999761581	-6.6143931305943
1.7779999971390	-6.7165844213906
1.7810000181198	-6.8198014836065
1.7840000391006	-6.9239599435138
1.7869999408722	-7.0289711190260
1.7899999618530	-7.1347367809697
1.7929999828339	-7.2411494214335
1.7960000038147	-7.3480925391575
1.7990000247955	-7.4554418856145
1.8020000457764	-7.5630612150605
1.8049999475479	-7.6708056147501
1.8079999685287	-7.7785187915129
1.8109999895096	-7.8860360138529
1.8140000104904	-7.9931811794819
1.8170000314713	-8.0997672526034
1.8200000524521	-8.2055952788585
1.8229999542236	-8.3104598471775
1.8259999752045	-8.4141428457827
1.8289999961853	-8.5164194018795
1.8320000171661	-8.6170532004139
1.8350000381470	-8.7158009137462
1.8380000591278	-8.8124174616621
1.8409999608994	-8.9066459535478
1.8439999818802	-8.9982309428257
1.8470000028610	-9.0869115415622
1.8500000238419	-9.1724300630957
1.8530000448227	-9.2545268291812
1.8559999465942	-9.3329523608273
1.8589999675751	-9.4074591666296
1.8619999885559	-9.4778127727726
1.8650000095367	-9.5437880719609
1.8680000305176	-9.6051769774481
1.8710000514984	-9.6617871757833
1.8739999532700	-9.7134475544616
1.8769999742508	-9.7600090288626
1.8799999952316	-9.8013447047844
1.8830000162125	-9.8373567338136
1.8860000371933	-9.8679699136636
1.8890000581741	-9.8931429523271
1.8919999599457	-9.9128610861255
1.8949999809265	-9.9271399276818
1.8980000019073	-9.9360196344740
1.9010000228882	-9.9395744371161
1.9040000438690	-9.9379031864661
1.9069999456406	-9.9311322432529
1.9099999666214	-9.9194077928056
1.9129999876022	-9.9029013182322
1.9160000085831	-9.8818049723792
1.9190000295639	-9.8563232459540
1.9220000505447	-9.8266795233594
1.9249999523163	-9.7931060787637
1.9279999732971	-9.7558464286994
1.9309999942780	-9.7151489923787
1.9340000152588	-9.6712677400691
1.9370000362396	-9.6244583720092
1.9400000572205	-9.5749746706768
1.9429999589920	-9.5230717428692
1.9459999799728	-9.4689960250829
1.9490000009537	-9.4129928746651
1.9520000219345	-9.3552995714771
1.9550000429153	-9.2961433337454
1.9579999446869	-9.2357470329716
1.9609999656677	-9.1743195005313
1.9639999866486	-9.1120625996162
1.9670000076294	-9.0491685216724
1.9700000286102	-8.9858155476000
1.9730000495911	-8.9221742330864
1.9759999513626	-8.8584046443775
1.9789999723434	-8.7946519839630
1.9819999933243	-8.7310581600685
1.9850000143051	-8.6677487465657
1.9880000352859	-8.6048435531963
1.9910000562668	-8.5424487951085
1.9939999580383	-8.4806655636213
1.9969999790192	-8.4195835802002
2.0000000000000	-8.3592847323797
2.0030000209808	-8.2998431794355
2.0060000419617	-8.2413249746021
2.0090000629425	-8.1837905022138
2.0120000839233	-8.1272912859350
2.0150001049042	-8.0718722602365
2.0179998874664	-8.0175757306779
2.0209999084473	-7.9644341667526
2.0239999294281	-7.9124753054406
2.0269999504089	-7.8617231618489
2.0299999713898	-7.8121986652056
2.0329999923706	-7.7639148711161
2.0360000133514	-7.7168816690914
2.0390000343323	-7.6711070282453
2.0420000553131	-7.6265944579670
2.0450000762939	-7.5833404849876
2.0480000972748	-7.5413443073830
2.0510001182556	-7.5006012083930
2.0539999008179	-7.4610971404320
2.0569999217987	-7.4228253684849
2.0599999427795	-7.3857703337661
2.0629999637604	-7.3499149139139
2.0659999847412	-7.3152442335746
2.0690000057220	-7.2817355109627
2.0720000267029	-7.2493716290330
2.0750000476837	-7.2181257758821
2.0780000686646	-7.1879768518847
2.0810000896454	-7.1588980376812
2.0840001106262	-7.1308635967571
2.0869998931885	-7.1038449713218
2.0899999141693	-7.0778160238489
2.0929999351501	-7.0527470493146
2.0959999561310	-7.0286087746233
2.0989999771118	-7.0053706895765
2.1019999980927	-6.9830032303493
2.1050000190735	-6.9614750381784
2.1080000400543	-6.9407548906652
2.1110000610352	-6.9208120933072
2.1140000820160	-6.9016159764247
2.1170001029968	-6.8831355722861
2.1199998855591	-6.8653406494652
2.1229999065399	-6.8481981791259
2.1259999275208	-6.8316800334658
2.1289999485016	-6.8157562418134
2.1319999694824	-6.8003962564244
2.1349999904633	-6.7855731567852
2.1380000114441	-6.7712579166998
2.1410000324249	-6.7574218425709
2.1440000534058	-6.7440403955770
2.1470000743866	-6.7310873044686
2.1500000953674	-6.7185371201456
2.1530001163483	-6.7063663536522
2.1559998989105	-6.6945513714307
2.1589999198914	-6.6830719261861
2.1619999408722	-6.6719071474552
2.1649999618530	-6.6610369643879
2.1679999828339	-6.6504419723036
2.1710000038147	-6.6401065326075
2.1740000247955	-6.6300150939223
2.1770000457764	-6.6201541668374
2.1800000667572	-6.6105082661360
2.1830000877380	-6.6010670181939
2.1860001087189	-6.5918201258152
2.1889998912811	-6.5827573650379
2.1919999122620	-6.5738709241139
2.1949999332428	-6.5651558225563
2.1979999542236	-6.5566056964272
2.2009999752045	-6.5482164767441
2.2039999961853	-6.5399860812689
2.2070000171661	-6.5319134622084
2.2100000381470	-6.5239984503877
2.2130000591278	-6.5162400512011
2.2160000801086	-6.5086426515781
2.2190001010895	-6.5012075837704
2.2219998836517	-6.4939414836290
2.2249999046326	-6.4868476597430
2.2279999256134	-6.4799334478903
2.2309999465942	-6.4732043874145
2.2339999675751	-6.4666683257485
2.2369999885559	-6.4603359342020
2.2400000095367	-6.4542139825791
2.2430000305176	-6.4483128805300
2.2460000514984	-6.4426432508173
2.2490000724792	-6.4372159011880
2.2520000934601	-6.4320409012958
2.2550001144409	-6.4271306492088
2.2579998970032	-6.4224967931023
2.2609999179840	-6.4181504899252
2.2639999389648	-6.4141039448597
2.2669999599457	-6.4103690047633
2.2699999809265	-6.4069564104807
2.2730000019073	-6.4038808394667
2.2760000228882	-6.4011508426447
2.2790000438690	-6.3987783153612
2.2820000648499	-6.3967743228344
2.2850000858307	-6.3951488196405
2.2880001068115	-6.3939131073862
2.2909998893738	-6.3930753550712
2.2939999103546	-6.3926450152169
2.2969999313354	-6.3926307540809
2.2999999523163	-6.3930383904226
2.3029999732971	-6.3938762797901
2.3059999942780	-6.3951493635918
2.3090000152588	-6.3968626706682
2.3120000362396	-6.3990210159471
2.3150000572205	-6.4016277086728
2.3180000782013	-6.4046834413653
2.3210000991821	-6.4081910950105
2.3239998817444	-6.4121504091657
2.3269999027252	-6.4165596896677
2.3299999237061	-6.4214173527734
2.3329999446869	-6.4267203057596
2.3359999656677	-6.4324624802163
2.3389999866486	-6.4386416772797
2.3420000076294	-6.4452472446592
2.3450000286102	-6.4522724785417
2.3480000495911	-6.4597091813885
2.3510000705719	-6.4675449846048
2.3540000915527	-6.4757681031673
2.3570001125336	-6.4843669087319
2.3599998950958	-6.4933259548693
2.3629999160767	-6.5026298417093
2.3659999370575	-6.5122614898959
2.3689999580383	-6.5222021104221
2.3719999790192	-6.5324344466484
2.3750000000000	-6.5429361298672
2.3780000209808	-6.5536856647519
2.3810000419617	-6.5646612763494
2.3840000629425	-6.5758380938311
2.3870000839233	-6.5871913948479
2.3900001049042	-6.5986965470652
2.3929998874664	-6.6103245195874
2.3959999084473	-6.6220495631375
2.3989999294281	-6.6338408402155
2.4019999504089	-6.6456712359681
2.4049999713898	-6.6575106389065
2.4079999923706	-6.6693264273926
2.4110000133514	-6.6810889813353
2.4140000343323	-6.6927666167054
2.4170000553131	-6.7043271572926
2.4200000762939	-6.7157376994753
2.4230000972748	-6.7269673561391
2.4260001182556	-6.7379822572676
2.4289999008179	-6.7487507208363
2.4319999217987	-6.7592405777086
2.4349999427795	-6.7694183684592
2.4379999637604	-6.7792550410526
2.4409999847412	-6.7887174311762
2.4440000057220	-6.7977755744121
2.4470000267029	-6.8064010597353
2.4500000476837	-6.8145635548030
2.4530000686646	-6.8222348346293
2.4560000896454	-6.8293881580487
2.4590001106262	-6.8359994765581
2.4619998931885	-6.8420428361785
2.4649999141693	-6.8474955195915
2.4679999351501	-6.8523358690070
2.4709999561310	-6.8565459646953
2.4739999771118	-6.8601044944126
2.4769999980927	-6.8629967940256
2.4800000190735	-6.8652080992588
2.4830000400543	-6.8667259795796
2.4860000610352	-6.8675390412226
2.4890000820160	-6.8676392495683
2.4920001029968	-6.8670204549183
2.4949998855591	-6.8656768876336
2.4979999065399	-6.8636064895608
2.5009999275208	-6.8608081716127
2.5039999485016	-6.8572856459181
2.5069999694824	-6.8530398033672
2.5099999904633	-6.8480796895354
2.5130000114441	-6.8424109409125
2.5160000324249	-6.8360445646002
2.5190000534058	-6.8289922618819
2.5220000743866	-6.8212686393804
2.5250000953674	-6.8128875471699
2.5280001163483	-6.8038673170060
2.5309998989105	-6.7942283540205
2.5339999198914	-6.7839894246969
2.5369999408722	-6.7731718498963
2.5399999618530	-6.7618022348305
2.5429999828339	-6.7499034233594
2.5460000038147	-6.7375024456337
2.5490000247955	-6.7246250289343
2.5520000457764	-6.7113009270441
2.5550000667572	-6.6975569603265
2.5580000877380	-6.6834251431423
2.5610001087189	-6.6689344682934
2.5639998912811	-6.6541174199586
2.5669999122620	-6.6390024368936
2.5699999332428	-6.6236242231946
2.5729999542236	-6.6080119371282
2.5759999752045	-6.5922003140495
2.5789999961853	-6.5762200304270
2.5820000171661	-6.5601026892338
2.5850000381470	-6.5438795050835
2.5880000591278	-6.5275839903296
2.5910000801086	-6.5112446232878
2.5940001010895	-6.4948948017216
2.5969998836517	-6.4785633869554
2.5999999046326	-6.4622807656754
2.6029999256134	-6.4460747650705
2.6059999465942	-6.4299755067930
2.6089999675751	-6.4140097901627
2.6119999885559	-6.3982046554683
2.6150000095367	-6.3825864293130
2.6180000305176	-6.3671803399921
2.6210000514984	-6.3520112877725
2.6240000724792	-6.3371022128224
2.6270000934601	-6.3224767695065
2.6300001144409	-6.3081545164068
2.6329998970032	-6.2941587049137
2.6359999179840	-6.2805071099300
2.6389999389648	-6.2672191095878
2.6419999599457	-6.2543137550668
2.6449999809265	-6.2418056013586
2.6480000019073	-6.2297125818116
2.6510000228882	-6.2180485686026
2.6540000438690	-6.2068267488352
2.6570000648499	-6.1960598836457
2.6600000858307	-6.1857606820616
2.6630001068115	-6.1759411942971
2.6659998893738	-6.1666090180620
2.6689999103546	-6.1577755003982
2.6719999313354	-6.1494463135978
2.6749999523163	-6.1416314126812
2.6779999732971	-6.1343365881673
2.6809999942780	-6.1275660530524
2.6840000152588	-6.1213278330130
2.6870000362396	-6.1156238556118
2.6900000572205	-6.1104568309713
2.6930000782013	-6.1058311854698
2.6960000991821	-6.1017482408346
2.6989998817444	-6.0982103069410
2.7019999027252	-6.0952173490548
2.7049999237061	-6.0927687300107
2.7079999446869	-6.0908662202189
2.7109999656677	-6.0895065339945
2.7139999866486	-6.0886899105749
2.7170000076294	-6.0884150861521
2.7200000286102	-6.0886787948388
2.7230000495911	-6.0894772245258
2.7260000705719	-6.0908094099424
2.7290000915527	-6.0926729578315
2.7320001125336	-6.0950620851281
2.7349998950958	-6.0979748130213
2.7379999160767	-6.1014045402177
2.7409999370575	-6.1053510748883
2.7439999580383	-6.1098061381717
2.7469999790192	-6.1147682782914
2.7500000000000	-6.1202298070833
2.7530000209808	-6.1261903171728
2.7560000419617	-6.1326423144430
2.7590000629425	-6.1395834813763
2.7620000839233	-6.1470060518116
2.7650001049042	-6.1549081012638
2.7679998874664	-6.1632855749810
2.7709999084473	-6.1721319105470
2.7739999294281	-6.1814458623738
2.7769999504089	-6.1912218316578
2.7799999713898	-6.2014564422236
2.7829999923706	-6.2121455600719
2.7860000133514	-6.2232870929796
2.7890000343323	-6.2348787813048
2.7920000553131	-6.2469159966527
2.7950000762939	-6.2593975155675
2.7980000972748	-6.2723218416755
2.8010001182556	-6.2856851616789
2.8039999008179	-6.2994877962139
2.8069999217987	-6.3137278334700
2.8099999427795	-6.3284061245007
2.8129999637604	-6.3435203209769
2.8159999847412	-6.3590721302313
2.8190000057220	-6.3750603183098
2.8220000267029	-6.3914874297216
2.8250000476837	-6.4083519042782
2.8280000686646	-6.4256580697780
2.8310000896454	-6.4434064834427
2.8340001106262	-6.4615999823921
2.8369998931885	-6.4802404276898
2.8399999141693	-6.4993317736780
2.8429999351501	-6.5188772434448
2.8459999561310	-6.5388797843923
2.8489999771118	-6.5593432248725
2.8519999980927	-6.5802719507756
2.8550000190735	-6.6016713264119
2.8580000400543	-6.6235462409343
2.8610000610352	-6.6459011548601
2.8640000820160	-6.6687423461326
2.8670001029968	-6.6920727782116
2.8699998855591	-6.7159035731116
2.8729999065399	-6.7402349339599
2.8759999275208	-6.7650763200234
2.8789999485016	-6.7904326006789
2.8819999694824	-6.8163119158735
2.8849999904633	-6.8427187004404
2.8880000114441	-6.8696623465534
2.8910000324249	-6.8971472596058
2.8940000534058	-6.9251807184527
2.8970000743866	-6.9537700255577
2.9000000953674	-6.9829220707352
2.9030001163483	-7.0126424852025
2.9059998989105	-7.0429372292030
2.9089999198914	-7.0738147555706
2.9119999408722	-7.1052816673643
2.9149999618530	-7.1373418378551
2.9179999828339	-7.1700036896223
2.9210000038147	-7.2032724940756
2.9240000247955	-7.2371536720001
2.9270000457764	-7.2716523260068
2.9300000667572	-7.3067747961359
2.9330000877380	-7.3425248211502
2.9360001087189	-7.3789085663627
2.9389998912811	-7.4159293939114
2.9419999122620	-7.4535911644590
2.9449999332428	-7.4918986522816
2.9479999542236	-7.5308548065016
2.9509999752045	-7.5704628657957
2.9539999961853	-7.6107243670957
2.9570000171661	-7.6516418800396
2.9600000381470	-7.6932191798983
2.9630000591278	-7.7354567055535
2.9660000801086	-7.7783540543819
2.9690001010895	-7.8219130679153
2.9719998836517	-7.8661338210021
2.9749999046326	-7.9110151201013
2.9779999256134	-7.9565574112070
2.9809999465942	-8.0027595213414
2.9839999675751	-8.0496192508181
2.9869999885559	-8.0971344080305
2.9900000095367	-8.1453029473954
2.9930000305176	-8.1941233314798
2.9960000514984	-8.2435897217713
2.9990000724792	-8.2936999125599
3.0020000934601	-8.3444502345587
3.0050001144409	-8.3958361361877
3.0079998970032	-8.4478511262178
3.0109999179840	-8.5004925670708
3.0139999389648	-8.5537541201081
3.0169999599457	-8.6076290645967
3.0199999809265	-8.6621119233690
3.0230000019073	-8.7171967501105
3.0260000228882	-8.7728775446991
3.0290000438690	-8.8291468493119
3.0320000648499	-8.8859991495396
3.0350000858307	-8.9434260216415
3.0380001068115	-9.0014222684107
3.0409998893738	-9.0599790066500
3.0439999103546	-9.1190902285839
3.0469999313354	-9.1787494840956
3.0499999523163	-9.2389492190077
3.0529999732971	-9.2996827479588
3.0559999942780	-9.3609443857703
3.0590000152588	-9.4227270517824
3.0620000362396	-9.4850243411258
3.0650000572205	-9.5478320697583
3.0680000782013	-9.6111430690179
3.0710000991821	-9.6749539150363
3.0739998817444	-9.7392582760505
3.0769999027252	-9.8040551814837
3.0799999237061	-9.8693394339812
3.0829999446869	-9.9351075222028
3.0859999656677	-10.001357610906
3.0889999866486	-10.068090188499
3.0920000076294	-10.135303277140
3.0950000286102	-10.202996681763
3.0980000495911	-10.271171652542
3.1010000705719	-10.339831634320
3.1040000915527	-10.408977136614
3.1070001125336	-10.478614161290
3.1099998950958	-10.548744039661
3.1129999160767	-10.619375548291
3.1159999370575	-10.690515517381
3.1189999580383	-10.762170262275
3.1219999790192	-10.834349048370
3.1250000000000	-10.907062343119
3.1280000209808	-10.980320986277
3.1310000419617	-11.054138001709
3.1340000629425	-11.128525065723
3.1370000839233	-11.203498673874
3.1400001049042	-11.279074029083
3.1429998874664	-11.355266883835
3.1459999084473	-11.432096235105
3.1489999294281	-11.509580218080
3.1519999504089	-11.587738552654
3.1549999713898	-11.666592239810
3.1579999923706	-11.746163785655
3.1610000133514	-11.826476385283
3.1640000343323	-11.907553413272
3.1670000553131	-11.989419574157
3.1700000762939	-12.072099370404
3.1730000972748	-12.155620659576
3.1760001182556	-12.240009559140
3.1789999008179	-12.325292987238
3.1819999217987	-12.411499970222
3.1849999427795	-12.498657656748
3.1879999637604	-12.586797116859
3.1909999847412	-12.675945455575
3.1940000057220	-12.766132765457
3.1970000267029	-12.857389208136
3.2000000476837	-12.949741518902
3.2030000686646	-13.043222072334
3.2060000896454	-13.137858608887
3.2090001106262	-13.233679851236
3.2119998931885	-13.330714825736
3.2149999141693	-13.428989131044
3.2179999351501	-13.528531130778
3.2209999561310	-13.629365410001
3.2239999771118	-13.731518300084
3.2269999980927	-13.835012224773
3.2300000190735	-13.939869048936
3.2330000400543	-14.046109067853
3.2360000610352	-14.153752096919
3.2390000820160	-14.262812460252
3.2420001029968	-14.373306066856
3.2449998855591	-14.485243801059
3.2479999065399	-14.598635274741
3.2509999275208	-14.713484780418
3.2539999485016	-14.829797139744
3.2569999694824	-14.947568406802
3.2599999904633	-15.066795078858
3.2630000114441	-15.187468005778
3.2660000324249	-15.309572397278
3.2690000534058	-15.433091161919
3.2720000743866	-15.557998385125
3.2750000953674	-15.684263699531
3.2780001163483	-15.811851023253
3.2809998989105	-15.940716834090
3.2839999198914	-16.070815050133
3.2869999408722	-16.202083093531
3.2899999618530	-16.334455952385
3.2929999828339	-16.467860797437
3.2960000038147	-16.602216097065
3.2990000247955	-16.737426029917
3.3020000457764	-16.873390009271
3.3050000667572	-17.009993967962
3.3080000877380	-17.147115727329
3.3110001087189	-17.284618256823
3.3139998912811	-17.422356271961
3.3169999122620	-17.560169567890
3.3199999332428	-17.697890847790
3.3229999542236	-17.835335548859
3.3259999752045	-17.972311530624
3.3289999961853	-18.108608054855
3.3320000171661	-18.244013242618
3.3350000381470	-18.378292267934
3.3380000591278	-18.511210934366
3.3410000801086	-18.642516331768
3.3440001010895	-18.771954784042
3.3469998836517	-18.899260172455
3.3499999046326	-19.024162876471
3.3529999256134	-19.146391681429
3.3559999465942	-19.265669540564
3.3589999675751	-19.381725352009
3.3619999885559	-19.494289765169
3.3650000095367	-19.603097716511
3.3680000305176	-19.707894466557
3.3710000514984	-19.808439308618
3.3740000724792	-19.904503587517
3.3770000934601	-19.995879071939
3.3800001144409	-20.082375415374
3.3829998970032	-20.163830594744
3.3859999179840	-20.240102576263
3.3889999389648	-20.311080426135
3.3919999599457	-20.376681612888
3.3949999809265	-20.436856381754
3.3980000019073	-20.491581797114
3.4010000228882	-20.540870337213
3.4040000438690	-20.584764159629
3.4070000648499	-20.623335693300
3.4100000858307	-20.656683600224
3.4130001068115	-20.684937368737
3.4159998893738	-20.708250230415
3.4189999103546	-20.726794783135
3.4219999313354	-20.740767827028
3.4249999523163	-20.750375917483
3.4279999732971	-20.755846577702
3.4309999942780	-20.757412649346
3.4340000152588	-20.755314176420
3.4370000362396	-20.749797391072
3.4400000572205	-20.741109928932
3.4430000782013	-20.729496602038
3.4460000991821	-20.715197929507
3.4489998817444	-20.698453598367
3.4519999027252	-20.679488109720
3.4549999237061	-20.658521376158
3.4579999446869	-20.635763239051
3.4609999656677	-20.611408214246
3.4639999866486	-20.585639884531
3.4670000076294	-20.558627053025
3.4700000286102	-20.530525893845
3.4730000495911	-20.501476840001
3.4760000705719	-20.471608177186
3.4790000915527	-20.441028766214
3.4820001125336	-20.409838501771
3.4849998950958	-20.378119035910
3.4879999160767	-20.345940582157
3.4909999370575	-20.313359108466
3.4939999580383	-20.280418751056
3.4969999790192	-20.247151855496
3.5000000000000	-20.213576165603